vnum,cycle,curMaxFsKjOutPos,curMaxFsKjOutNeg,fcTransLimKjPos,fcTransLimKjNeg,fcFsLimKjPos,fcFsLimKjNeg,fcMaxKjInPos,fcMaxKjInNeg,curMaxFcKjOutPos,curMaxFcKjOutNeg,essCapLimDischgKjPos,essCapLimDischgKjNeg,curMaxEssKjOutPos,curMaxEssKjOutNeg,curMaxAvailElecKjPos,curMaxAvailElecKjNeg,essCapLimChgKjPos,essCapLimChgKjNeg,curMaxEssChgKjPos,curMaxEssChgKjNeg,curMaxElecKjPos,curMaxElecKjNeg,mcElecInLimKjPos,mcElecInLimKjNeg,mcTransiLimKjPos,mcTransiLimKjNeg,curMaxMcKjOutPos,curMaxMcKjOutNeg,essLimMcRegenPercKjPos,essLimMcRegenPercKjNeg,essLimMcRegenKjPos,essLimMcRegenKjNeg,curMaxMechMcKjInPos,curMaxMechMcKjInNeg,curMaxTransKjOutPos,curMaxTransKjOutNeg,cycTracKjReqPos,cycTracKjReqNeg,curMaxTracKjPos,curMaxTracKjNeg,spareTracKjPos,spareTracKjNeg,cycTireInertiaKjPos,cycTireInertiaKjNeg,cycWheelKjReqPos,cycWheelKjReqNeg,regenContrLimKjPercPos,regenContrLimKjPercNeg,cycRegenBrakeKjPos,cycRegenBrakeKjNeg,cycFricBrakeKjPos,cycFricBrakeKjNeg,cycTransKjOutReqPos,cycTransKjOutReqNeg,transKjOutAchPos,transKjOutAchNeg,transKjInAchPos,transKjInAchNeg,minMcKj2HelpFcPos,minMcKj2HelpFcNeg,mcMechKjOutAchPos,mcMechKjOutAchNeg,mcElecKjInAchPos,mcElecKjInAchNeg,auxInKjPos,auxInKjNeg,roadwayChgKjOutAchPos,roadwayChgKjOutAchNeg,minEssKj2HelpFcPos,minEssKj2HelpFcNeg,essKjOutAchPos,essKjOutAchNeg,fcKjOutAchPos,fcKjOutAchNeg,fcKjOutAch_pctPos,fcKjOutAch_pctNeg,fcKjInAchPos,fcKjInAchNeg,fsKjOutAchPos,fsKjOutAchNeg,essRegenBufferDischgKjPos,essRegenBufferDischgKjNeg,maxEssRegenBufferChgKjPos,maxEssRegenBufferChgKjNeg,essAccelBufferChgKjPos,essAccelBufferChgKjNeg,maxEssAccelBufferDischgKjPos,maxEssAccelBufferDischgKjNeg,essAccelRegenDischgKjPos,essAccelRegenDischgKjNeg,mcElectInKjForMaxFcEffPos,mcElectInKjForMaxFcEffNeg,electKjReq4AEPos,electKjReq4AENeg,desiredEssKjOutForAEPos,desiredEssKjOutForAENeg,essAEKjOutPos,essAEKjOutNeg,erAEKjOutPos,erAEKjOutNeg,essDesiredKj4FcEffPos,essDesiredKj4FcEffNeg,essKjIfFcIsReqPos,essKjIfFcIsReqNeg,curMaxMcElecKjInPos,curMaxMcElecKjInNeg,fcKjGapFrEffPos,fcKjGapFrEffNeg,erKjIfFcIsReqPos,erKjIfFcIsReqNeg,mcElecKjInIfFcIsReqPos,mcElecKjInIfFcIsReqNeg,mcKjIfFcIsReqPos,mcKjIfFcIsReqNeg,mcMechKj4ForcedFcPos,mcMechKj4ForcedFcNeg,dragKjPos,dragKjNeg,essLossKjPos,essLossKjNeg,accelKjPos,accelKjNeg,ascentKjPos,ascentKjNeg,rrKjPos,rrKjNeg,curMaxRoadwayChgKjPos,curMaxRoadwayChgKjNeg,distMilesFinal,mpgge
1,udds,2737000,0,29175.63794,0,134113,0,2737000,0,29175.63794,0,0,0,0,0,0,-957.95,0,0,0,0,0,-957.95,0,0,0,0,0,0,0,0,0,0,0,0,25960.27291,0,4045.605416,-2828.054343,112686.2059,0,111468.6548,0,60.59651019,-60.59651019,5396.923575,-2352.078688,1013.471787,0,0,0,2352.078688,0,5396.923575,0,5396.923575,0,5866.221277,0,0,0,0,0,0,0,957.95,0,0,0,0,-28217.68794,0,0,6824.171277,0,69.63440079,0,24407.57911,0,24407.57911,0,0,0,0,0,0,0,0,0,0,0,0,0,0,0,0,0,0,0,0,0,0,0,0,0,0,0,21681.51745,0,0,0,0,-957.95,0,0,0,0,1217.551072,0,0,0,3259.966006,-3259.966006,0,0,1827.293814,0,0,0,7.452102665,37.03717676
1,hwfet,1529000,0,20794.66703,0,74921,0,1529000,0,20794.66703,0,0,0,0,0,0,-535.15,0,0,0,0,0,-535.15,0,0,0,0,0,0,0,0,0,0,0,0,18638.75566,0,4863.366336,-906.691467,125668.2564,0,121711.5816,0,33.63973978,-33.63973978,7151.512997,-679.2655052,739.799157,0,0,0,679.2655052,0,7151.512997,0,7151.512997,0,7773.383692,0,0,0,0,0,0,0,535.15,0,0,0,0,-20259.51703,0,0,8308.533692,0,84.78095604,0,25112.52738,0,25112.52738,0,0,0,0,0,0,0,0,0,0,0,0,0,0,0,0,0,0,0,0,0,0,0,0,0,0,0,7972.668582,0,0,0,0,-535.15,0,0,0,0,3956.674869,0,0,0,1809.747917,-1809.747917,0,0,2515.572622,0,0,0,10.25905374,49.55665652
1,us06,1199000,0,20014.38256,0,58751,0,1199000,0,20014.38256,0,0,0,0,0,0,-419.65,0,0,0,0,0,-419.65,0,0,0,0,0,0,0,0,0,0,0,0,18027.15396,0,7377.990784,-2791.707011,98099.6,0,93513.31623,0,76.53457794,-76.53457794,9019.311292,-2471.014266,522.1108408,0,0,0,2471.014266,0,9019.311292,0,9019.311292,0,9803.59923,0,0,0,0,0,0,0,419.65,0,0,0,0,-19594.73256,0,0,10223.24923,0,104.3188697,0,30080.55925,0,30080.55925,0,0,0,0,0,0,0,0,0,0,0,0,0,0,0,0,0,0,0,0,0,0,0,0,0,0,0,7797.41624,0,0,0,0,-419.65,0,0,0,0,4586.283773,0,0,0,4117.400846,-4117.400846,0,0,1962.013253,0,0,0,8.001517916,32.26854631
2,udds,2737000,0,32411.45454,0,150535,0,2737000,0,32411.45454,0,0,0,0,0,0,-957.95,0,0,0,0,0,-957.95,0,0,0,0,0,0,0,0,0,0,0,0,28937.22418,0,4173.937977,-2938.885199,96154.95937,0,94919.9066,0,60.59651019,-60.59651019,5855.834845,-2347.997552,1013.471787,0,0,0,2347.997552,0,5855.834845,0,5855.834845,0,6365.037875,0,0,0,0,0,0,0,957.95,0,0,0,0,-31453.50454,0,0,7322.987875,0,66.57261704,0,26454.83334,0,26454.83334,0,0,0,0,0,0,0,0,0,0,0,0,0,0,0,0,0,0,0,0,0,0,0,0,0,0,0,24466.30499,0,0,0,0,-957.95,0,0,0,0,1235.052778,0,0,0,3378.949515,-3378.949515,0,0,2272.784515,0,0,0,7.452102665,34.17117141
2,hwfet,1529000,0,23039.98715,0,84095,0,1529000,0,23039.98715,0,0,0,0,0,0,-535.15,0,0,0,0,0,-535.15,0,0,0,0,0,0,0,0,0,0,0,0,20704.45018,0,4962.314929,-948.7647795,109713.0201,0,105699.4699,0,33.63973978,-33.63973978,7810.527512,-668.1129966,739.799157,0,0,0,668.1129966,0,7810.527512,0,7810.527512,0,8489.703817,0,0,0,0,0,0,0,535.15,0,0,0,0,-22504.83715,0,0,9024.853817,0,82.04412561,0,27415.89198,0,27415.89198,0,0,0,0,0,0,0,0,0,0,0,0,0,0,0,0,0,0,0,0,0,0,0,0,0,0,0,9099.669178,0,0,0,0,-535.15,0,0,0,0,4013.550149,0,0,0,1875.800802,-1875.800802,0,0,3128.864366,0,0,0,10.25905374,45.39338988
2,us06,1199000,0,21848.0888,0,65945,0,1199000,0,21848.0888,0,0,0,0,0,0,-419.65,0,0,0,0,0,-419.65,0,0,0,0,0,0,0,0,0,0,0,0,19714.1637,0,7573.631929,-2919.503688,85649.69855,0,80995.57031,0,76.88403939,-76.88403939,9603.241031,-2508.300732,522.1108426,0,0,0,2508.300732,0,9603.241031,0,9603.241031,0,10438.30547,0,0,0,0,0,0,0,419.65,0,0,0,0,-21428.4388,0,0,10857.95547,0,98.70868608,0,31914.55372,0,31914.55372,0,0,0,0,0,0,0,0,0,0,0,0,0,0,0,0,0,0,0,0,0,0,0,0,0,0,0,8411.02416,0,0,0,0,-419.65,0,0,0,0,4654.128241,0,0,0,4287.165825,-4287.165825,0,0,2440.812059,0,0,0,8.003038531,30.42006415
3,udds,2737000,0,41365.87327,0,203906.5,0,2737000,0,41365.87327,0,0,0,0,0,0,-957.95,0,0,0,0,0,-957.95,0,0,0,0,0,0,0,0,0,0,0,0,37175.28941,0,4781.58208,-3507.26872,113084.4834,0,111810.17,0,60.59651019,-60.59651019,5910.270078,-3076.740349,1013.471787,0,0,0,3076.740349,0,5910.270078,0,5910.270078,0,6424.206607,0,0,0,0,0,0,0,957.95,0,0,0,0,-40407.92327,0,0,7382.156607,0,49.54467521,0,28630.48956,0,28630.48956,0,0,0,0,0,0,0,0,0,0,0,0,0,0,0,0,0,0,0,0,0,0,0,0,0,0,0,34957.53793,0,0,0,0,-957.95,0,0,0,0,1274.31336,0,0,0,3973.864299,-3973.864299,0,0,1559.216369,0,0,0,7.452102665,31.57451518
3,hwfet,1529000,0,27387.9459,0,113910.5,0,1529000,0,27387.9459,0,0,0,0,0,0,-535.15,0,0,0,0,0,-535.15,0,0,0,0,0,0,0,0,0,0,0,0,24704.57223,0,5323.335338,-1182.200102,129029.6442,0,124888.509,0,33.63973978,-33.63973978,7238.939559,-951.284711,739.799157,0,0,0,951.284711,0,7238.939559,0,7238.939559,0,7868.412564,0,0,0,0,0,0,0,535.15,0,0,0,0,-26852.7959,0,0,8403.562564,0,56.39974875,0,27963.86194,0,27963.86194,0,0,0,0,0,0,0,0,0,0,0,0,0,0,0,0,0,0,0,0,0,0,0,0,0,0,0,15552.18285,0,0,0,0,-535.15,0,0,0,0,4141.135236,0,0,0,2206.063691,-2206.063691,0,0,2146.519612,0,0,0,10.25905374,44.50365706
3,us06,1199000,0,25905.25031,0,89325.5,0,1199000,0,25905.25031,0,0,0,0,0,0,-419.65,0,0,0,0,0,-419.65,0,0,0,0,0,0,0,0,0,0,0,0,23446.75228,0,8371.947686,-3566.320452,100758.4617,0,95952.83448,0,77.55859001,-77.55859001,9750.819614,-3270.144026,522.1108457,0,0,0,3270.144026,0,9750.819614,0,9750.819614,0,10598.71697,0,0,0,0,0,0,0,419.65,0,0,0,0,-25485.60031,0,0,11018.36697,0,73.94877162,0,32937.44576,0,32937.44576,0,0,0,0,0,0,0,0,0,0,0,0,0,0,0,0,0,0,0,0,0,0,0,0,0,0,0,11507.86216,0,0,0,0,-419.65,0,0,0,0,4805.627234,0,0,0,5086.222144,-5086.222144,0,0,1675.048355,0,0,0,8.005708868,29.48509254
4,udds,2737000,0,34063.15062,0,162851.5,0,2737000,0,34063.15062,0,0,0,0,0,0,-957.95,0,0,0,0,0,-957.95,0,0,0,0,0,0,0,0,0,0,0,0,30456.78457,0,4330.772733,-3038.484648,99540.8909,0,98248.60281,0,60.59651019,-60.59651019,5486.865241,-2626.032681,1013.471787,0,0,0,2626.032681,0,5486.865241,0,5486.865241,0,5963.983958,0,0,0,0,0,0,0,957.95,0,0,0,0,-33105.20062,0,0,6921.933958,0,58.16751225,0,25916.29838,0,25916.29838,0,0,0,0,0,0,0,0,0,0,0,0,0,0,0,0,0,0,0,0,0,0,0,0,0,0,0,27242.03504,0,0,0,0,-957.95,0,0,0,0,1292.288085,0,0,0,3497.933411,-3497.933411,0,0,1568.544475,0,0,0,7.452102665,34.88103685
4,hwfet,1529000,0,23452.13298,0,90975.5,0,1529000,0,23452.13298,0,0,0,0,0,0,-535.15,0,0,0,0,0,-535.15,0,0,0,0,0,0,0,0,0,0,0,0,21083.62434,0,5177.10186,-977.554174,113576.3754,0,109376.8277,0,33.63973978,-33.63973978,7134.691675,-775.782694,739.799157,0,0,0,775.782694,0,7134.691675,0,7134.691675,0,7755.099647,0,0,0,0,0,0,0,535.15,0,0,0,0,-22916.98298,0,0,8290.249647,0,69.66596342,0,26107.65139,0,26107.65139,0,0,0,0,0,0,0,0,0,0,0,0,0,0,0,0,0,0,0,0,0,0,0,0,0,0,0,11095.60017,0,0,0,0,-535.15,0,0,0,0,4199.547686,0,0,0,1941.853901,-1941.853901,0,0,2159.361296,0,0,0,10.25905374,47.66761096
4,us06,1199000,0,22421.1668,0,71340.5,0,1199000,0,22421.1668,0,0,0,0,0,0,-419.65,0,0,0,0,0,-419.65,0,0,0,0,0,0,0,0,0,0,0,0,20241.39546,0,7888.838237,-3017.609429,88676.57036,0,83805.34156,0,77.15247887,-77.15247887,9303.162792,-2747.186122,522.1108438,0,0,0,2747.186122,0,9303.162792,0,9303.162792,0,10112.13347,0,0,0,0,0,0,0,419.65,0,0,0,0,-22001.5168,0,0,10531.78347,0,88.50238209,0,31139.88694,0,31139.88694,0,0,0,0,0,0,0,0,0,0,0,0,0,0,0,0,0,0,0,0,0,0,0,0,0,0,0,9047.038591,0,0,0,0,-419.65,0,0,0,0,4871.228808,0,0,0,4453.626665,-4453.626665,0,0,1684.747862,0,0,0,8.004181095,31.1811121
5,udds,2737000,0,36099.50898,0,171062.5,0,2737000,0,36099.50898,0,0,0,0,0,0,-957.95,0,0,0,0,0,-957.95,0,0,0,0,0,0,0,0,0,0,0,0,32330.23426,0,5102.428251,-3386.267782,113084.4652,0,111368.3047,0,60.59651019,-60.59651019,6101.294926,-3048.663499,1013.471787,0,0,0,3048.663499,0,6101.294926,0,6101.294926,0,6631.842311,0,0,0,0,0,0,0,957.95,0,0,0,0,-35141.55898,0,0,7589.792311,0,60.71833849,0,27836.59209,0,27836.59209,0,0,0,0,0,0,0,0,0,0,0,0,0,0,0,0,0,0,0,0,0,0,0,0,0,0,0,28349.69277,0,0,0,0,-957.95,0,0,0,0,1716.160469,0,0,0,3973.863661,-3973.863661,0,0,1336.470958,0,0,0,7.452102665,32.47503767
5,hwfet,1529000,0,25479.73142,0,95562.5,0,1529000,0,25479.73142,0,0,0,0,0,0,-535.15,0,0,0,0,0,-535.15,0,0,0,0,0,0,0,0,0,0,0,0,22949.01491,0,6611.436754,-1034.431279,129029.6235,0,123452.618,0,33.63973978,-33.63973978,8296.742243,-879.8631103,739.799157,0,0,0,879.8631103,0,8296.742243,0,8296.742243,0,9018.19809,0,0,0,0,0,0,0,535.15,0,0,0,0,-24944.58142,0,0,9553.34809,0,76.42678472,0,29445.04568,0,29445.04568,0,0,0,0,0,0,0,0,0,0,0,0,0,0,0,0,0,0,0,0,0,0,0,0,0,0,0,10905.16779,0,0,0,0,-535.15,0,0,0,0,5577.005475,0,0,0,2206.063337,-2206.063337,0,0,1839.873658,0,0,0,10.25905374,42.26534879
5,us06,1199000,0,24822.13356,0,74937.5,0,1199000,0,24822.13356,0,0,0,0,0,0,-419.65,0,0,0,0,0,-419.65,0,0,0,0,0,0,0,0,0,0,0,0,22450.28487,0,9735.682132,-3269.300085,100726.4577,0,94260.07569,0,76.76882316,-76.76882316,10960.51221,-3058.905681,522.1108422,0,0,0,3058.905681,0,10960.51221,0,10960.51221,0,11913.60022,0,0,0,0,0,0,0,419.65,0,0,0,0,-24402.48356,0,0,12333.25022,0,98.66600179,0,36219.95011,0,36219.95011,0,0,0,0,0,0,0,0,0,0,0,0,0,0,0,0,0,0,0,0,0,0,0,0,0,0,0,9707.949748,0,0,0,0,-419.65,0,0,0,0,6466.382047,0,0,0,5034.429139,-5034.429139,0,0,1435.224477,0,0,0,8.002747896,26.80332788
6,udds,2737000,0,56331.29192,0,280542.5,0,2737000,0,56331.29192,0,0,0,0,0,0,-957.95,0,0,0,0,0,-957.95,0,0,0,0,0,0,0,0,0,0,0,0,50943.47456,0,6281.032956,-4368.269996,143557.5735,0,141644.8106,0,60.59651019,-60.59651019,7927.601896,-3752.688812,1013.471787,0,0,0,3752.688812,0,7927.601896,0,7927.601896,0,8616.958583,0,0,0,0,0,0,0,957.95,0,0,0,0,-55373.34192,0,0,9574.908583,0,46.70687114,0,37154.06376,0,37154.06376,0,0,0,0,0,0,0,0,0,0,0,0,0,0,0,0,0,0,0,0,0,0,0,0,0,0,0,48254.26182,0,0,0,0,-957.95,0,0,0,0,1912.762959,0,0,0,5044.709046,-5044.709046,0,0,2262.150125,0,0,0,7.452102665,24.33147193
6,hwfet,1529000,0,37991.14192,0,156722.5,0,1529000,0,37991.14192,0,0,0,0,0,0,-535.15,0,0,0,0,0,-535.15,0,0,0,0,0,0,0,0,0,0,0,0,34459.51257,0,7609.650312,-1393.745861,163799.5071,0,157583.6026,0,33.63973978,-33.63973978,10429.37323,-1099.244414,739.799157,0,0,0,1099.244414,0,10429.37323,0,10429.37323,0,11336.27525,0,0,0,0,0,0,0,535.15,0,0,0,0,-37455.99192,0,0,11871.42525,0,57.90939148,0,39178.02869,0,39178.02869,0,0,0,0,0,0,0,0,0,0,0,0,0,0,0,0,0,0,0,0,0,0,0,0,0,0,0,20918.09309,0,0,0,0,-535.15,0,0,0,0,6215.904451,0,0,0,2800.535857,-2800.535857,0,0,3114.224367,0,0,0,10.25905374,31.76599673
6,us06,1199000,0,35634.35767,0,122897.5,0,1199000,0,35634.35767,0,0,0,0,0,0,-419.65,0,0,0,0,0,-419.65,0,0,0,0,0,0,0,0,0,0,0,0,32397.53106,0,11538.26417,-4323.537661,127919.863,0,120705.1365,0,77.66147758,-77.66147758,13553.89173,-3908.745622,522.1108467,0,0,0,3908.745622,0,13553.89173,0,13553.89173,0,14732.49101,0,0,0,0,0,0,0,419.65,0,0,0,0,-35214.70767,0,0,15152.14101,0,73.91288296,0,44874.49706,0,44874.49706,0,0,0,0,0,0,0,0,0,0,0,0,0,0,0,0,0,0,0,0,0,0,0,0,0,0,0,15189.14888,0,0,0,0,-419.65,0,0,0,0,7214.726508,0,0,0,6465.381542,-6465.381542,0,0,2430.419596,0,0,0,8.006425458,21.64418461
7,udds,2737000,0,39190.06159,0,184747.5,0,2737000,0,39190.06159,0,0,0,0,0,0,-957.95,0,0,0,0,0,-957.95,0,0,0,0,0,0,0,0,0,0,0,0,35173.54266,0,4854.622319,-3641.328418,116470.3697,0,115257.0758,0,60.59651019,-60.59651019,6846.236658,-2879.969281,1013.471787,0,0,0,2879.969281,0,6846.236658,0,6846.236658,0,7441.561585,0,0,0,0,0,0,0,957.95,0,0,0,0,-38232.11159,0,0,8399.511585,0,62.21860433,0,26026.48547,0,26026.48547,0,0,0,0,0,0,0,0,0,0,0,0,0,0,0,0,0,0,0,0,0,0,0,0,0,0,0,30331.32101,0,0,0,0,-957.95,0,0,0,0,1213.293901,0,0,0,4092.846608,-4092.846608,0,0,2752.973477,0,0,0,7.452102665,34.73393523
7,hwfet,1529000,0,27072.58603,0,103207.5,0,1529000,0,27072.58603,0,0,0,0,0,0,-535.15,0,0,0,0,0,-535.15,0,0,0,0,0,0,0,0,0,0,0,0,24414.44115,0,5201.655254,-1258.814912,132892.948,0,128950.1077,0,33.63973978,-33.63973978,8589.935146,-857.1707904,739.799157,0,0,0,857.1707904,0,8589.935146,0,8589.935146,0,9336.886029,0,0,0,0,0,0,0,535.15,0,0,0,0,-26537.43603,0,0,9872.036029,0,73.1261928,0,26207.60993,0,26207.60993,0,0,0,0,0,0,0,0,0,0,0,0,0,0,0,0,0,0,0,0,0,0,0,0,0,0,0,12115.78798,0,0,0,0,-535.15,0,0,0,0,3942.840342,0,0,0,2272.115909,-2272.115909,0,0,3789.924014,0,0,0,10.25905374,47.48657687
7,us06,1199000,0,25550.54684,0,80932.5,0,1199000,0,25550.54684,0,0,0,0,0,0,-419.65,0,0,0,0,0,-419.65,0,0,0,0,0,0,0,0,0,0,0,0,23120.42509,0,8318.935993,-3746.032799,103752.2056,0,99179.30244,0,77.07748023,-77.07748023,10711.41909,-3181.794413,522.110843,0,0,0,3181.794413,0,10711.41909,0,10711.41909,0,11642.84684,0,0,0,0,0,0,0,419.65,0,0,0,0,-25130.89684,0,0,12062.49684,0,89.35182845,0,30591.33481,0,30591.33481,0,0,0,0,0,0,0,0,0,0,0,0,0,0,0,0,0,0,0,0,0,0,0,0,0,0,0,10389.32945,0,0,0,0,-419.65,0,0,0,0,4572.903195,0,0,0,5206.014382,-5206.014382,0,0,2956.721486,0,0,0,8.003633982,31.73844928
8,udds,2737000,0,32872.45943,0,153272,0,2737000,0,32872.45943,0,0,0,0,0,0,-957.95,0,0,0,0,0,-957.95,0,0,0,0,0,0,0,0,0,0,0,0,29361.34867,0,4435.816936,-2838.313299,95911.16509,0,94313.66145,0,60.59651019,-60.59651019,5860.286007,-2373.597349,1013.471787,0,0,0,2373.597349,0,5860.286007,0,5860.286007,0,6369.876094,0,0,0,0,0,0,0,957.95,0,0,0,0,-31914.50943,0,0,7327.826094,0,65.4270187,0,22608.59627,0,22608.59627,0,0,0,0,0,0,0,0,0,0,0,0,0,0,0,0,0,0,0,0,0,0,0,0,0,0,0,25002.70121,0,0,0,0,-957.95,0,0,0,0,1597.503636,0,0,0,3370.382421,-3370.382421,0,0,1889.185022,0,0,0,7.452102665,39.98449225
8,hwfet,1529000,0,23974.58025,0,85624,0,1529000,0,23974.58025,0,0,0,0,0,0,-535.15,0,0,0,0,0,-535.15,0,0,0,0,0,0,0,0,0,0,0,0,21564.27583,0,6031.620939,-840.2144891,109434.8503,0,104243.4438,0,33.63973978,-33.63973978,8435.906501,-643.7239295,739.799157,0,0,0,643.7239295,0,8435.906501,0,8435.906501,0,9169.463588,0,0,0,0,0,0,0,535.15,0,0,0,0,-23439.43025,0,0,9704.613588,0,86.64833561,0,24910.75338,0,24910.75338,0,0,0,0,0,0,0,0,0,0,0,0,0,0,0,0,0,0,0,0,0,0,0,0,0,0,0,8801.299623,0,0,0,0,-535.15,0,0,0,0,5191.40645,0,0,0,1871.044838,-1871.044838,0,0,2600.776121,0,0,0,10.25905374,49.95869121
8,us06,1199000,0,22969.78083,0,67144,0,1199000,0,22969.78083,0,0,0,0,0,0,-419.65,0,0,0,0,0,-419.65,0,0,0,0,0,0,0,0,0,0,0,0,20746.12036,0,8714.11168,-2694.438795,85433.10284,0,79413.42995,0,76.93141806,-76.93141806,10451.35103,-2402.809607,522.1108431,0,0,0,2402.809607,0,10451.35103,0,10451.35103,0,11360.16416,0,0,0,0,0,0,0,419.65,0,0,0,0,-22550.13083,0,0,11779.81416,0,105.1769122,0,29659.89456,0,29659.89456,0,0,0,0,0,0,0,0,0,0,0,0,0,0,0,0,0,0,0,0,0,0,0,0,0,0,0,8514.84144,0,0,0,0,-419.65,0,0,0,0,6019.672885,0,0,0,4278.931216,-4278.931216,0,0,2028.868539,0,0,0,8.0031,32.7330099
9,udds,2737000,0,37879.29535,0,192958.5,0,2737000,0,37879.29535,0,368319.5548,0,47897.5,0,47213.25,0,1621170.886,0,47897.5,0,47213.25,0,43586.725,0,17561.72777,0,17470.39033,0,1368.5,0,47897.5,0,47897.5,0,50782.56986,0,5075.514554,-3552.038401,116470.3581,0,114946.882,0,60.59651019,-60.59651019,6253.029937,-3123.652749,1013.471787,0,2956.631587,0,167.0211621,0,6253.029937,-2956.631587,6253.029937,-2956.631587,6582.136775,-2808.800008,41.42621381,-33364.89624,1820.572093,-3769.600674,2160.843514,-2922.155705,684.25,0,0,0,50.00701653,-38006.36456,2504.751304,-2581.813494,5722.365348,0,40.5841514,0,15637.7424,0,15637.7424,0,0,0,47897.5,0,478.3718199,0,30292.51373,0,0,-478.3718199,375.8091233,-26042.33384,8193.069013,0,3573.80294,-2072.149598,3573.80294,0,0,0,0,0,0,-478.3718199,19473.24892,0,24324.21156,0,0,0,0,-1162.62182,0,-2327.26501,0,-1919.760051,1523.476153,0,77.46042381,0,4092.8462,-4092.8462,0,0,1605.901035,0,0,0,7.452102665,57.79682792
9,hwfet,1529000,0,26802.59962,0,107794.5,0,1529000,0,26802.59962,0,90473.16781,0,25972.22902,0,25589.97902,0,1024502.979,0,26757.5,0,25589.97902,0,23629.375,0,9397.991875,0,9307.564829,0,764.5,0,26757.5,0,26757.5,0,34280.3665,0,6090.870071,-1140.030683,132892.9348,0,127942.0954,0,33.63973978,-33.63973978,8091.288808,-929.6606324,739.799157,0,864.0415367,0,65.61909572,0,8091.288808,-864.0415367,8091.288808,-864.0415367,8517.146114,-820.8394599,4.047711677,-18817.52516,784.036956,-1924.579919,911.7784477,-1325.116096,382.25,0,0,0,4.025599382,-26837.71286,996.8339448,-1027.921593,8836.849617,0,62.67269232,0,22761.81297,0,22761.81297,0,0,0,26757.5,0,441.5211468,0,11537.46149,0,0,-441.5211468,331.9815916,-9240.724489,9827.594687,0,1481.723536,-456.9652451,1481.723536,0,0,0,0,0,0,-441.5211468,10410.91192,0,8357.124747,0,0,0,0,-823.7711468,0,-1613.166189,0,-257.5548313,4950.839388,0,30.83381124,0,2272.115683,-2272.115683,0,0,2210.788788,0,0,0,10.25905374,54.6805477
9,us06,1199000,0,23822.17452,0,84529.5,0,1199000,0,23822.17452,0,445255.6686,0,20982.5,0,20682.75,0,417501.5749,0,20982.5,0,20682.75,0,19094.075,0,9973.671603,0,9354.433021,0,599.5,0,20982.5,0,20982.5,0,31246.75168,0,9277.456636,-3527.57941,103808.0022,0,98058.12501,0,77.95514421,-77.95514421,10721.81479,-3246.102684,522.1108467,0,2690.702752,0,555.3999318,0,10721.81479,-2690.702752,10721.81479,-2690.702752,11286.12083,-2556.167614,458.5504676,-13238.70188,1866.074804,-2861.971799,2095.058197,-2463.113108,299.75,0,0,0,32.73313338,-23923.21257,2200.192102,-2268.497012,9733.924522,0,69.03492569,0,24888.7674,0,24888.7674,0,2683.019322,0,15980.53928,0,0,0,20982.5,0,2683.019322,0,4086.082672,-8583.784157,12459.04394,0,512.1286966,-2094.87634,512.1286966,0,0,0,0,0,2130.658842,0,10334.45523,0,11886.62299,0,0,0,2076.158842,-245.25,1890.383838,-571.3330457,30.56836262,-1542.968007,5749.877226,0,68.05107383,0,5265.293575,-5265.293575,0,0,1725.834879,0,0,0,8.008649613,39.03806706
10,udds,2737000,0,32769.77259,0,162851.5,0,2737000,0,32769.77259,0,1752454.437,0,64319.5,0,51832.96593,0,194227.7078,0,62704.19285,0,63635.25,0,47897.5,0,16700.77811,0,16675.64048,0,1362.352303,0,47736.06245,0,47736.06245,0,46369.5318,0,4794.339711,-3502.051626,113084.4853,0,111792.1973,0,60.59651019,-60.59651019,6084.981118,-3010.731438,1013.471787,0,2849.877615,0,160.8538231,0,6084.981118,-2849.877615,6084.981118,-2849.877615,6405.243282,-2707.383735,65.63308939,-28828.29438,1398.203365,-3328.19974,1787.702871,-2535.731482,684.25,0,0,0,4.645137146,-32838.19634,2053.841741,-2117.620352,5627.855923,0,47.29290692,0,15429.58862,0,15429.58862,0,1957.95354,0,33729.93848,0,0,0,64319.5,0,1957.95354,0,563.4221589,-21906.63467,8018.085425,0,138.2568005,0,138.2568005,0,0,0,0,0,1919.903874,0,18696.42397,0,20476.75916,0,0,0,1785.629379,-549.9755058,1397.3133,-1281.219901,0,-28.6201749,1292.288085,0,63.52477401,0,3973.864368,-3973.864368,0,0,1781.961595,0,0,0,7.452102665,58.59450423
10,hwfet,1529000,0,23389.05727,0,90975.5,0,1529000,0,23389.05727,0,712827.1709,0,35931.5,0,28956.01202,0,382900.9142,0,35931.5,0,35549.25,0,26757.5,0,8538.932253,0,8505.873055,0,764.5,0,26757.5,0,26757.5,0,30290.75422,0,5374.553855,-1175.006169,129029.6465,0,124830.0988,0,33.63973978,-33.63973978,7569.95915,-917.2461516,739.799157,0,858.3633478,0,58.8828038,0,7569.95915,-858.3633478,7569.95915,-858.3633478,7968.378053,-815.4451804,0,-16066.63504,388.0080928,-1461.54916,565.0874356,-967.0555514,382.25,0,0,0,0,-23408.77539,629.2190788,-648.9371946,8226.47394,0,69.13003311,0,21202.99264,0,21202.99264,0,626.4739817,0,24237.83154,0,0,0,35931.5,0,626.4739817,0,546.2674591,-7560.727156,9292.005632,0,2.738578237,0,2.738578237,0,0,0,0,0,626.4739817,0,9637.886632,0,6851.572073,0,0,0,565.0874356,-320.8634539,388.0080928,-747.4817304,0,0,4199.547686,0,19.4642793,0,2206.06373,-2206.06373,0,0,2453.165313,0,0,0,10.25905374,58.70060048
10,us06,1199000,0,20919.5911,0,71340.5,0,1199000,0,20919.5911,0,452806.5404,0,28176.5,0,22706.51303,0,409717.1711,0,28176.5,0,27876.75,0,20982.5,0,10036.01347,0,9638.251926,0,599.5,0,20982.5,0,20982.5,0,28915.6748,0,8433.943018,-3557.139312,100785.2337,0,95908.42996,0,77.9177385,-77.9177385,10004.54563,-3212.808374,522.1108467,0,2696.590939,0,516.217435,0,10004.54563,-2696.590939,10004.54563,-2696.590939,10531.10067,-2561.761392,669.7293759,-12008.41178,1886.809102,-2903.579369,2113.013456,-2481.050169,299.75,0,0,0,50.63766428,-21038.51547,2199.603708,-2267.890421,9029.507764,0,75.8782165,0,23171.55763,0,23171.55763,0,2436.697214,0,21780.88454,0,0,0,28176.5,0,2436.697214,0,4385.640109,-7670.512442,11654.48396,0,24.54099971,0,24.54099971,0,0,0,0,0,1892.572673,0,10654.83023,0,11305.08995,0,0,0,1844.572673,-251.75,1669.055662,-586.4754098,0,-7.152554047,4876.803706,0,68.03287609,0,5109.774865,-5109.774865,0,0,1914.933554,0,0,0,8.008186868,41.92869751
11,udds,2737000,0,45400.92258,0,235382,0,2737000,0,45400.92258,0,3648207.584,0,50634.5,0,49950.25,0,240724.7878,0,50277.62308,0,49950.25,0,47131.14,0,48191.90023,0,44316.20584,0,414.3241713,0,53209.6904,0,53209.6904,0,77345.23146,0,6379.572831,-4331.8733,143557.5899,0,141509.8904,0,60.59651019,-60.59651019,7830.352452,-3803.271336,1013.471787,0,3590.033017,0,213.2383184,0,7830.352452,-3590.033017,7830.352452,-3590.033017,8242.476265,-3410.531367,59.80787694,-39194.48129,2388.588206,-3721.937021,2623.16801,-3397.513436,684.25,0,0,0,6.273333333,-45497.29134,2904.752101,-2994.847527,6170.589247,0,35.87551888,0,17532.51931,0,17532.51931,0,2782.97641,0,28887.2292,0,0,0,50634.5,0,2782.97641,0,408.3501645,-31104.54067,9344.827469,0,138.1847337,0,138.1847337,0,0,0,0,0,2772.225983,0,46991.23528,0,29524.83913,0,0,0,2621.917927,-533.9419439,2387.525636,-628.1669928,0,-41.3579299,2047.699531,0,89.84158927,0,5044.709622,-5044.709622,0,0,1979.381585,0,0,0,7.452102665,51.56641093
11,hwfet,1529000,0,32606.63185,0,131494,0,1529000,0,32606.63185,0,1690585.087,0,28286.5,0,27904.25,0,492677.3488,0,28286.5,0,27904.25,0,26329.38,0,25464.9917,0,24447.42713,0,233.0792683,0,29932.80423,0,29932.80423,0,53997.2334,0,8005.720263,-1351.312528,163799.5257,0,157145.118,0,33.63973978,-33.63973978,10484.23224,-1104.877877,739.799157,0,1005.405145,0,99.47273265,0,10484.23224,-1005.405145,10484.23224,-1005.405145,11036.03394,-955.1348875,0,-22092.713,673.2752839,-1283.341416,752.2570546,-1159.999251,382.25,0,0,0,0,-32632.12405,815.914337,-841.406533,10690.96519,0,62.15677433,0,27759.92634,0,27759.92634,0,813.1768636,0,20672.28678,0,0,0,28286.5,0,813.1768636,0,368.7420137,-10075.6786,12234.88858,0,2.735262789,0,2.735262789,0,0,0,0,0,813.1768636,0,25929.8023,0,9686.182045,0,0,0,752.2570546,-321.330191,673.2752839,-378.0355188,0,0,6654.407735,0,25.23835945,0,2800.536176,-2800.536176,0,0,2724.946632,0,0,0,10.25905374,44.83543597
11,us06,1199000,0,29562.41043,0,103114,0,1199000,0,29562.41043,0,1184691.719,0,22181.5,0,21881.75,0,531724.4062,0,22181.5,0,21881.75,0,20646.78,0,23867.5714,0,19496.53122,0,182.7743902,0,23472.48677,0,23472.48677,0,45005.41836,0,11951.36448,-4222.437757,127955.541,0,120226.6143,0,77.81601365,-77.81601365,13726.39707,-3870.162243,522.1108467,0,3061.806717,0,808.3555259,0,13726.39707,-3061.806717,13726.39707,-3061.806717,14448.83902,-2908.716381,597.4258574,-15385.61406,2338.553386,-3094.393016,2501.704228,-2881.611002,299.75,0,0,0,18.79492649,-29661.36213,2583.402347,-2663.559121,12376.74376,0,71.95781256,0,31654.98698,0,31654.98698,0,2420.587299,0,17645.43279,0,0,0,22181.5,0,2420.587299,0,5564.727903,-9710.608088,15530.33627,0,24.60461372,0,24.60461372,0,0,0,0,0,2330.764273,0,20672.45303,0,14506.5676,0,0,0,2284.764273,-253.75,2141.510078,-298.5294118,0,-10.33605154,7728.926718,0,79.90293708,0,6478.247535,-6478.247535,0,0,2127.308108,0,0,0,8.00902592,30.69516425
12,udds,2737000,0,16193.91667,0,97163.5,0,2737000,0,16193.91667,0,24033117.8,0,82110,0,78264.06762,0,3836199.161,0,80763.58778,0,81699.45,0,72530.5,0,32384.94675,0,32378.33278,0,1346.606889,0,71396.00676,0,71396.00676,0,45928.6708,0,4425.407571,-3326.205869,106312.6416,0,105213.4399,0,60.59651019,-60.59651019,5333.688065,-2978.047136,1013.471787,0,2822.014875,0,156.0322614,0,5333.688065,-2822.014875,5333.688065,-2822.014875,5442.538842,-2765.574577,828.8158118,-14189.70109,5442.538842,-2765.574577,6497.115838,-2339.01628,410.55,0,0,0,1145.088033,-12770.35514,6803.000451,-2234.350892,0,0,0,0,0,0,0,0,0,0,80454.61933,0,0,0,82110,0,0,0,1269.870065,-14063.62347,6719.715838,0,5746.847197,-2659.332932,5746.847197,0,0,0,14063.62347,0,13934.00888,0,34647.20756,0,13258.73874,0,0,0,13581.08563,-57.62674968,11729.4732,-93.15783986,0,0,1099.201703,0,138.1704389,0,3735.897253,-3735.897253,0,0,1256.439226,0,0,0,7.452102665,0
12,hwfet,1529000,0,9046.583333,0,54279.5,0,1529000,0,9046.583333,0,12709725.84,0,45870,0,43721.50508,0,2881362.15,0,45503.64811,0,45640.65,0,40518.5,0,20794.93865,0,20781.38494,0,758.689587,0,40217.10631,0,40217.10631,0,29198.54076,0,4724.722308,-1152.647304,121302.9578,0,117730.8828,0,33.63973978,-33.63973978,6252.779122,-951.0073968,739.799157,0,926.9235975,0,24.0837993,0,6252.779122,-926.9235975,6252.779122,-926.9235975,6380.386859,-908.3851255,797.5011652,-4332.91528,6380.386859,-908.3851255,7447.086598,-781.8204568,229.35,0,0,0,1224.139612,-3376.106804,7648.495904,-753.8797626,0,0,0,0,0,0,0,0,9.703681504,0,45125.74704,0,0,0,45870,0,9.703681504,0,1377.941837,-4109.012784,7645.686598,0,6549.272588,-880.2343684,6549.272588,0,0,0,4109.012784,0,4035.342812,0,22108.5504,0,4576.076743,0,0,0,3887.772055,-81.77924372,3232.9913,-132.2021064,0,0,3572.075004,0,128.7693856,0,2073.957907,-2073.957907,0,0,1729.696721,0,0,0,10.25905374,0
12,us06,1199000,0,11239.00414,0,42564.5,0,1199000,0,11229.7476,0,11179976.42,0,35970,0,34285.20902,0,1008602.054,0,35284.84842,0,35790.15,0,31773.5,0,18309.33307,0,17869.59113,0,588.7222216,0,31210.20075,0,31210.20075,0,28177.60317,0,7579.868503,-3431.401283,94752.71203,0,90604.24481,0,77.89309215,-77.89309215,8678.756497,-3180.046583,522.1108467,0,3033.694707,0,146.3518758,0,8678.756497,-3033.694707,8678.756497,-3033.694707,8855.873976,-2973.020813,2556.544781,-7666.663885,4728.049383,-2991.537025,5252.322292,-2741.555319,179.85,0,0,0,1537.979421,-10077.11005,5379.97096,-2689.353987,4146.340806,0,58.39916628,0,10692.52768,0,10692.52768,0,719.9031861,0,31757.81256,0,0,0,35970,0,719.9031861,0,5555.673652,-6057.281079,9735.48116,0,4455.560464,-2928.761755,4455.560464,0,0,0,6057.281079,0,6235.922494,0,19144.47131,0,10677.06363,0,0,0,6136.941198,-80.86870323,5559.897491,-130.7301513,1208.581656,-1610.107212,4148.46722,0,123.2094101,0,4802.266469,-4802.266469,0,0,1350.242694,0,0,0,8.008463098,90.84543747
13,udds,2737000,0,17106.25,0,102637.5,0,2737000,0,17106.25,0,63316399.56,0,157377.5,0,156966.95,0,3755782.238,0,154439.0159,0,156966.95,0,145827.36,0,59484.43184,0,59484.43184,0,1343.383321,0,149161.2222,0,149161.2222,0,66821.90843,0,4738.368231,-3525.07433,113084.4667,0,111871.1728,0,60.59651019,-60.59651019,5862.352812,-3089.842773,1013.471787,0,2926.468547,0,163.3742261,0,5862.352812,-2926.468547,5862.352812,-2926.468547,5981.992665,-2867.939176,938.9296455,-14744.82952,5981.992665,-2867.939176,6552.989772,-2624.687028,410.55,0,0,0,1205.712172,-13973.10943,6859.557183,-2520.704439,0,0,0,0,0,0,0,0,0,0,152894.6058,0,0,0,157377.5,0,0,0,574.3622872,-19590.46331,6778.589772,0,6288.168796,-2763.565306,6288.168796,0,0,0,19590.46331,0,19582.70937,0,62713.95036,0,18735.50795,0,0,0,19204.98382,-32.82445037,17799.33941,-38.61700043,0,0,1213.293901,0,143.3663783,0,3973.863713,-3973.863713,0,0,1559.216139,0,0,0,7.452102665,0
13,hwfet,1529000,0,9556.25,0,57337.5,0,1529000,0,9556.25,0,34496878.64,0,87917.5,0,87688.15,0,2999420.468,0,87040.32347,0,87688.15,0,81465.12,0,36409.96687,0,36409.96687,0,756.995231,0,84040.56209,0,84040.56209,0,44814.56603,0,5149.937727,-1207.097386,129029.6252,0,125086.7848,0,33.63973978,-33.63973978,7056.152055,-966.792418,739.799157,0,942.1548124,0,24.63760559,0,7056.152055,-942.1548124,7056.152055,-942.1548124,7200.155158,-923.3117161,986.3164616,-4224.082209,7200.155158,-923.3117161,7839.49311,-850.6619953,229.35,0,0,0,1365.184743,-3703.253629,8041.680124,-823.4990093,0,0,0,0,0,0,0,0,20.67244858,0,85928.31056,0,0,0,87917.5,0,20.67244858,0,501.7213488,-6409.38508,8039.29311,0,7359.217751,-896.0670266,7359.217751,0,0,0,6409.38508,0,6388.025562,0,38345.96811,0,6386.768138,0,0,0,6196.603461,-37.92789925,5672.044006,-44.62105794,0,0,3942.840342,0,135.8554962,0,2206.063366,-2206.063366,0,0,2146.519295,0,0,0,10.25905374,0
13,us06,1199000,0,8269.265774,0,44962.5,0,1199000,0,8269.265774,0,26857567.34,0,68942.5,0,68762.65,0,2552003.539,0,67617.18116,0,68762.65,0,63882.72,0,34315.16611,0,34307.58908,0,588.0637943,0,65283.65258,0,65283.65258,0,39735.91722,0,8207.234655,-3626.865281,100799.213,0,96218.84364,0,78.09452455,-78.09452455,9566.581691,-3310.374664,522.1108467,0,3205.309786,0,105.0648784,0,9566.581691,-3205.309786,9566.581691,-3205.309786,9761.818052,-3141.20359,4949.394789,-6498.420494,8985.712522,-3149.45359,9561.262207,-2955.876974,179.85,0,0,0,5160.159466,-6644.190007,9696.416782,-2911.181549,777.0157737,0,10.36021032,0,2243.98025,0,2243.98025,0,75.17132239,0,66776.10949,0,0,0,68942.5,0,75.17132239,0,4642.674219,-7582.402147,10508.62302,0,9245.930238,-3098.132501,9245.930238,0,0,0,7582.402147,0,7490.844028,0,36218.3664,0,11592.86875,0,0,0,7390.746794,-79.75276659,6931.447084,-93.82678423,474.0504559,-604.5251746,4580.369374,0,192.803051,0,5121.36749,-5121.36749,0,0,1675.837653,0,0,0,8.009482413,432.1900145
14,udds,2737000,0,23948.75,0,143692.5,0,2737000,0,23948.75,0,23452478.48,0,93058,0,92647.45,0,4334752.308,0,91504.23099,0,92647.45,0,85394.4,0,38762.50515,0,38760.95332,0,1345.915861,0,87503.14705,0,87503.14705,0,57232.50175,0,5012.560125,-3446.961625,113734.5694,0,112168.9709,0,60.59651019,-60.59651019,6169.923225,-3036.144927,1013.471787,0,2873.297742,0,162.8471852,0,6169.923225,-2873.297742,6169.923225,-2873.297742,6295.840026,-2815.831787,458.4729124,-20640.57227,6295.840026,-2815.831787,7121.937981,-2497.288975,410.55,0,0,0,632.0687003,-19545.61969,7430.674499,-2395.475493,0,0,0,0,0,0,0,0,0,0,91087.50013,0,0,0,93058,0,0,0,755.7077721,-19200.42329,7349.337981,0,6603.805501,-2713.247262,6603.805501,0,0,0,19200.42329,0,19035.66919,0,41147.4183,0,18206.1011,0,0,0,18661.51894,-36.39975105,17003.75142,-48.87087411,0,0,1565.5985,0,150.2381011,0,3996.708758,-3996.708758,0,0,1568.179798,0,0,0,7.452102665,0
14,hwfet,1529000,0,13378.75,0,80272.5,0,1529000,0,13378.75,0,12036097.49,0,51986,0,51756.65,0,3519935.647,0,51556.91704,0,51756.65,0,47704.8,0,25719.50625,0,25715.55611,0,758.3048775,0,49296.53869,0,49296.53869,0,38212.79668,0,6175.781197,-1088.056845,129771.3938,0,124683.6695,0,33.63973978,-33.63973978,8138.184147,-891.6005373,739.799157,0,868.4388237,0,23.16171359,0,8138.184147,-868.4388237,8138.184147,-868.4388237,8304.269538,-851.0700472,465.8301546,-6330.362658,8304.269538,-851.0700472,9196.362887,-764.5773803,229.35,0,0,0,710.22814,-5427.842633,9401.452308,-740.3168008,0,0,0,0,0,0,0,0,16.21429437,0,51103.61055,0,0,0,51986,0,16.21429437,0,900.8081045,-5408.710875,9399.162887,0,8461.329333,-826.720189,8461.329333,0,0,0,5408.710875,0,5315.643961,0,27207.99984,0,5592.848282,0,0,0,5140.921821,-54.62785948,4538.40688,-73.3442171,0,0,5087.724352,0,155.4655505,0,2218.745637,-2218.745637,0,0,2158.859258,0,0,0,10.25905374,0
14,us06,1199000,0,16014.19356,0,62947.5,0,1199000,0,16014.19356,0,10860926.63,0,40766,0,40586.15,0,1293692.955,0,39724.86181,0,40586.15,0,37408.8,0,21446.47175,0,20918.81469,0,584.7517201,0,38042.18828,0,38042.18828,0,35248.02192,0,9305.790554,-3395.87782,101375.7725,0,95465.85973,0,78.05131319,-78.05131319,10723.81947,-3128.491493,522.1108467,0,3025.640014,0,102.8514793,0,10723.81947,-3025.640014,10723.81947,-3025.640014,10942.67293,-2965.127213,2574.698106,-10294.46479,5455.953617,-3003.451464,5906.506903,-2786.199776,179.85,0,0,0,1991.957033,-14705.99347,6023.839392,-2723.682265,5525.043562,0,52.6194625,0,14196.01505,0,14196.01505,0,439.785785,0,38134.00778,0,0,0,40766,0,439.785785,0,5707.110265,-7030.215993,11844.89916,0,5965.673228,-2924.155192,5965.673228,0,0,0,7030.215993,0,6786.48523,0,22280.21174,0,11911.37534,0,0,0,6695.404495,-88.76926416,6206.707703,-119.1830001,688.1281732,-1455.348647,5909.912733,0,133.6091665,0,5147.95928,-5147.95928,0,0,1685.415244,0,0,0,8.009213895,68.43000895
15,udds,2737000,0,5702.083333,0,34212.5,0,2737000,0,5702.083333,0,100527599.1,0,184747.5,0,184336.95,0,3660584.593,0,180830.6057,0,184336.95,0,170323.51,0,65892.76912,0,65892.76912,0,1340.642678,0,170384.3307,0,170384.3307,0,61653.70018,0,4353.859075,-3029.405694,99540.87106,0,98216.41768,0,60.59651019,-60.59651019,5370.296851,-2673.367327,1013.471787,0,2530.313991,0,143.0533367,0,5370.296851,-2530.313991,5370.296851,-2530.313991,5479.894746,-2479.707711,2931.43657,-5607.220496,5479.894746,-2479.707711,6056.635223,-2247.344121,410.55,0,0,0,3570.383496,-5052.625728,6365.173419,-2145.332317,0,0,0,0,0,0,0,0,0,0,178892.5872,0,0,0,184747.5,0,0,0,3136.536802,-5683.034955,6284.035223,0,5787.996167,-2377.259133,5787.996167,0,0,0,5683.034955,0,5683.034955,0,69483.6098,0,8257.414413,0,0,0,5427.143276,-154.6583213,4876.699062,-181.9509662,0,0,1324.453381,0,130.1060266,0,3497.932714,-3497.932714,0,0,1372.476142,0,0,0,7.452102665,0
15,hwfet,1529000,0,3185.416667,0,19112.5,0,1529000,0,3185.416667,0,55237195.02,0,103207.5,0,102978.15,0,2995084.229,0,102059.13,0,102978.15,0,95149.67,0,40249.46157,0,40249.46157,0,756.2419682,0,96063.89387,0,96063.89387,0,42318.16474,0,5271.074808,-966.9995817,113576.3528,0,109272.2775,0,33.63973978,-33.63973978,6986.27134,-792.7553555,739.799157,0,772.2244243,0,20.53093128,0,6986.27134,-772.2244243,6986.27134,-772.2244243,7128.848306,-756.7799358,4420.291531,-1222.975288,7128.848306,-756.7799358,7814.064013,-691.1434258,229.35,0,0,0,5272.881107,-1106.027186,8018.82294,-666.5523521,0,0,0,0,0,0,0,0,15.89623822,0,100617.2788,0,0,0,103207.5,0,15.89623822,0,4773.970422,-1261.708286,8016.864013,0,7292.980885,-732.1374961,7292.980885,0,0,0,1261.708286,0,1274.382445,0,42392.03059,0,5846.52986,0,0,0,1233.717475,-188.6850305,1128.071241,-221.9823888,0,0,4304.075227,0,133.1325998,0,1941.853514,-1941.853514,0,0,1889.440757,0,0,0,10.25905374,0
15,us06,1199000,0,2590.25,0,14987.5,0,1199000,0,2590.25,0,42968694.43,0,80932.5,0,80752.65,0,2706192.885,0,79324.6843,0,80752.65,0,74613.77,0,37350.53629,0,37344.87593,0,587.7391301,0,74649.86219,0,74649.86219,0,37056.45529,0,8004.053695,-3003.966409,88727.25014,0,83727.16285,0,78.09496608,-78.09496608,9246.946446,-2771.723183,522.1108467,0,2682.01699,0,89.70619341,0,9246.946446,-2682.01699,9246.946446,-2682.01699,9435.659639,-2628.37665,7700.976259,-3460.738,9343.326305,-2628.37665,9977.948397,-2453.527543,179.85,0,0,0,8352.162927,-3238.142073,10116.68132,-2412.410467,92.33333333,0,3.693333333,0,232.5905096,0,232.5905096,0,63.43431833,0,78282.79208,0,0,0,80932.5,0,63.43431833,0,8130.983306,-3631.708117,10199.26558,0,9365.49239,-2587.20362,9365.49239,0,0,0,3631.708117,0,3677.329774,0,39376.71271,0,11229.36875,0,0,0,3613.654473,-116.1746987,3364.551216,-136.6761161,621.2448785,-58.75270752,5000.087285,0,191.7139642,0,4508.030838,-4508.030838,0,0,1475.135977,0,0,0,8.009512448,4177.788904
16,udds,2737000,0,26229.58333,0,157377.5,0,2737000,0,26229.58333,0,31390247.24,0,93058,0,73869.45222,0,4405122.839,0,91515.57799,0,92647.45,0,68425,0,31945.30551,0,31914.80399,0,1346.935323,0,67375.47406,0,67375.47406,0,54233.49464,0,4910.443049,-3618.154965,117823.2785,0,116530.9904,0,60.59651019,-60.59651019,6069.678376,-3171.489106,1013.471787,0,3003.492668,0,167.996438,0,6069.678376,-3003.492668,6069.678376,-3003.492668,6193.549363,-2943.422814,338.683271,-23004.96871,6193.549363,-2943.422814,7338.449091,-2505.711472,410.55,0,0,0,466.821702,-21453.11742,7646.302042,-2403.014423,0,0,0,0,0,0,0,0,3.92E-12,0,91152.99335,0,0,0,93058,0,3.92E-12,0,625.4113073,-21604.79951,7564.049091,0,6499.875726,-2839.199177,6499.875726,0,0,0,21604.79951,0,20994.37266,0,34199.98868,0,20029.2833,0,0,0,20612.25806,-28.43539672,18540.34997,-48.43884615,0,0,1292.288085,0,153.661102,0,4092.846585,-4092.846585,0,0,1605.901186,0,0,0,7.452102665,0
16,hwfet,1529000,0,14652.91667,0,87917.5,0,1529000,0,14652.91667,0,16687388.78,0,51986,0,41266.4934,0,3335608.92,0,51566.18293,0,51756.65,0,38225,0,21226.90666,0,21186.27228,0,758.9108184,0,37951.01587,0,37951.01587,0,35064.08387,0,5425.299496,-1225.75181,134259.1768,0,130059.6291,0,33.63973978,-33.63973978,7394.494868,-984.1581872,739.799157,0,959.0174097,0,25.1407775,0,7394.494868,-959.0174097,7394.494868,-959.0174097,7545.402927,-939.8370615,247.6108738,-8174.493256,7545.402927,-939.8370615,8637.67048,-811.7948698,229.35,0,0,0,388.2394641,-6985.930521,8840.383922,-785.158312,0,0,0,0,0,0,0,0,10.59168155,0,51124.33471,0,0,0,51986,0,10.59168155,0,584.0640323,-7443.075548,8838.07048,0,7712.30652,-912.9314061,7712.30652,0,0,0,7443.075548,0,7182.523481,0,22561.40593,0,6825.343878,0,0,0,6987.676868,-34.50338676,5929.716896,-58.77548533,0,0,4199.547686,0,147.5330468,0,2272.115897,-2272.115897,0,0,2210.788996,0,0,0,10.25905374,0
16,us06,1199000,0,18601.03398,0,68942.5,0,1199000,0,18601.03398,0,15092030.47,0,40766,0,32360.05598,0,547408.389,0,39691.25473,0,40586.15,0,29975,0,16294.27821,0,15805.29784,0,587.485771,0,29421.52455,0,29421.52455,0,33127.72697,0,8572.291566,-3694.274183,104881.7714,0,100003.754,0,77.99147431,-77.99147431,9982.250276,-3378.282174,522.1108467,0,3152.139743,0,226.1424312,0,9982.250276,-3152.139743,9982.250276,-3152.139743,10185.96967,-3089.096948,1228.251385,-11963.10634,3144.433476,-3159.328064,3479.371212,-2879.796541,179.85,0,0,0,585.9598734,-18407.56918,3581.204009,-2801.779338,7111.76731,0,61.84145487,0,18322.19345,0,18322.19345,0,1583.105191,0,34612.5992,0,0,0,40766,0,1583.105191,0,4796.309266,-8036.793853,11160.45855,0,3106.375004,-3046.868449,3106.375004,0,0,0,8036.793853,0,8341.884591,0,17018.01074,0,11861.86215,0,0,0,8227.134591,-65.1,7513.494146,-110.8958991,405.7810419,-1614.574082,4878.017383,0,97.3044569,0,5267.7479,-5267.7479,0,0,1725.95072,0,0,0,8.009186414,53.03265129
17,udds,0,0,0,0,0,0,0,0,0,0,267082029.4,0,218960,0,218617.875,0,3780708.175,0,213898.0764,0,218617.875,0,203222.25,0,76782.46314,0,76782.46314,0,1338.190129,0,200885.1574,0,200885.1574,0,70476.33681,0,4522.572085,-3221.690821,135013.7049,0,133712.8236,0,60.59651019,-60.59651019,5628.335782,-2818.108584,1013.471787,0,2667.61568,0,150.4929042,0,5628.335782,-2667.61568,5628.335782,-2667.61568,5743.199777,-2614.263366,5743.199777,-2614.263366,5743.199777,-2614.263366,6378.378161,-2358.398133,342.125,0,0,0,6634.985077,-2272.880049,6634.985077,-2272.880049,0,0,0,0,0,0,0,0,0,0,211443.5687,0,0,0,218960,0,0,0,5614.862114,-2945.627069,6567.378161,0,5999.538797,-2528.477385,5999.538797,0,0,0,0,0,0,0,80976.16426,0,8295.951461,0,0,0,0,-342.125,0,-402.5,0,0,1300.881264,0,136.1743853,0,3688.676902,-3688.676902,0,0,1509.345934,0,0,0,7.452102665,0
17,hwfet,0,0,0,0,0,0,0,0,0,0,148272443.5,0,122320,0,122128.875,0,3071323.754,0,120885.0506,0,122128.875,0,113528.25,0,46334.54279,0,46334.54279,0,755.815205,0,113399.9062,0,113399.9062,0,45295.26613,0,5279.678797,-1052.205862,149522.3308,0,145294.8578,0,33.63973978,-33.63973978,7153.6436,-848.3059674,739.799157,0,826.4351645,0,21.8708029,0,7153.6436,-826.4351645,7153.6436,-826.4351645,7299.636327,-809.9064612,7299.636327,-809.9064612,7299.636327,-809.9064612,8046.30559,-737.1867485,191.125,0,0,0,8216.417294,-716.173452,8216.417294,-716.173452,0,0,0,0,0,0,0,0,18.30491868,0,118975.6967,0,0,0,122320,0,18.30491868,0,7308.246093,-905.2645734,8214.55559,0,7428.793876,-788.8306237,7428.793876,0,0,0,0,0,18.30491868,0,48808.3569,0,7980.078765,0,0,0,16.90848508,-189.7285664,14.50686854,-223.2100781,0,0,4227.472936,0,136.9148996,0,2047.743851,-2047.743851,0,0,2077.864697,0,0,0,10.25905374,0
17,us06,0,0,0,0,0,0,0,0,0,0,115902409,0,95920,0,95770.125,0,2788641.632,0,93953.48893,0,95770.125,0,89025.75,0,42470.73507,0,42470.73507,0,587.4149262,0,88138.70941,0,88138.70941,0,40631.3547,0,8142.64797,-3231.522158,116821.6936,0,111910.5677,0,78.09565304,-78.09565304,9493.946473,-2960.574817,522.1108467,0,2865.341416,0,95.23340075,0,9493.946473,-2865.341416,9493.946473,-2865.341416,9687.700483,-2808.034588,9687.700483,-2808.034588,9687.700483,-2808.034588,10376.0856,-2612.971206,149.875,0,0,0,10491.32645,-2578.337056,10491.32645,-2578.337056,0,0,0,0,0,0,0,0,69.4646134,0,92643.41479,0,0,0,95920,0,69.4646134,0,9866.984812,-3072.748756,10479.5856,0,9747.648301,-2773.376764,9747.648301,0,0,0,0,0,69.4646134,0,44764.64457,0,12359.28789,0,0,0,68.4646134,-148.875,63.24359593,-175.1470588,0,0,4911.125812,0,199.9711812,0,4753.898048,-4753.898048,0,0,1622.245845,0,0,0,8.009524068,0
18,udds,0,0,0,0,0,0,0,0,0,0,93673144.47,0,157377.5,0,154508.0645,0,3223726.09,0,154058.6049,0,157035.375,0,143692.5,0,54823.453,0,54823.453,0,1341.305484,0,140921.2304,0,140921.2304,0,51545.36617,0,3813.191122,-2586.794593,108880.438,0,107654.0414,0,60.59651019,-60.59651019,4702.719275,-2293.947984,1013.471787,0,2170.673326,0,123.2746579,0,4702.719275,-2170.673326,4702.719275,-2170.673326,4798.693138,-2127.25986,4798.693138,-2127.25986,4798.693138,-2127.25986,5292.989691,-1931.429101,342.125,0,0,0,5550.581312,-1846.895722,5550.581312,-1846.895722,0,0,0,0,0,0,0,0,8.39E-12,0,152415.7124,0,0,0,157377.5,0,8.39E-12,0,4759.819233,-2383.015206,5482.489691,0,5055.837302,-2042.279024,5055.837302,0,0,0,0,0,8.39E-12,0,57808.29266,0,6873.392601,0,0,0,0,-342.125,0,-402.5,0,0,1226.396529,0,113.0945253,0,3013.434793,-3013.434793,0,0,1182.374762,0,0,0,7.452102665,0
18,hwfet,0,0,0,0,0,0,0,0,0,0,51479780.99,0,87917.5,0,86314.51613,0,2677053.359,0,86943.09057,0,87726.375,0,80272.5,0,33803.9145,0,33803.9145,0,756.3753571,0,79435.19313,0,79435.19313,0,33082.06703,0,4791.647473,-806.2275303,120772.0464,0,116786.6264,0,33.63973978,-33.63973978,6280.894602,-667.7399414,739.799157,0,650.3452785,0,17.39466294,0,6280.894602,-650.3452785,6280.894602,-650.3452785,6409.076124,-637.3383729,6409.076124,-637.3383729,6409.076124,-637.3383729,7002.847671,-582.9603585,191.125,0,0,0,7173.989837,-562.9775244,7173.989837,-562.9775244,0,0,0,0,0,0,0,0,14.10740479,0,85736.94519,0,0,0,87917.5,0,14.10740479,0,6494.346636,-708.7674262,7172.347671,0,6545.541921,-617.3144506,6545.541921,0,0,0,0,0,14.10740479,0,35600.6925,0,6931.239881,0,0,0,12.8307107,-189.8483059,11.08364818,-223.3509481,0,0,3985.419943,0,118.6021988,0,1672.887794,-1672.887794,0,0,1627.734717,0,0,0,10.25905374,0
18,us06,0,0,0,0,0,0,0,0,0,0,40023174.3,0,68942.5,0,67685.48387,0,2455831.435,0,67576.77495,0,68792.625,0,62947.5,0,31628.53456,0,31621.88565,0,587.7860393,0,61723.6804,0,61723.6804,0,30565.07265,0,7163.489548,-2533.744875,94357.76305,0,89728.01838,0,78.09156712,-78.09156712,8250.13657,-2349.587655,522.1108467,0,2272.987612,0,76.60004358,0,8250.13657,-2272.987612,8250.13657,-2272.987612,8418.506704,-2227.527859,8418.506704,-2227.527859,8418.506704,-2227.527859,8975.585594,-2081.601387,149.875,0,0,0,9091.509746,-2047.650538,9091.509746,-2047.650538,0,0,0,0,0,0,0,0,54.7620156,0,66700.45565,0,0,0,68942.5,0,54.7620156,0,8564.413071,-2428.428997,9079.585594,0,8486.703514,-2193.526037,8486.703514,0,0,0,0,0,54.7620156,0,33352.05709,0,10523.12418,0,0,0,53.7620156,-148.875,49.9010448,-175.1470588,0,0,4629.744673,0,170.4684502,0,3883.455412,-3883.455412,0,0,1270.804242,0,0,0,8.009443352,0
19,udds,0,0,0,0,0,0,0,0,0,0,101267516,0,117691,0,117348.875,0,3648114.329,0,115580.5069,0,117348.875,0,108385.2,0,44345.71796,0,44345.71796,0,1344.384461,0,107571.2776,0,107571.2776,0,41961.01725,0,4276.15647,-2907.830571,96317.49699,0,94949.17109,0,60.59651019,-60.59651019,5406.071729,-2519.99492,1013.471787,0,2383.658066,0,136.3368535,0,5406.071729,-2383.658066,5406.071729,-2383.658066,5516.399724,-2335.984905,5516.399724,-2335.984905,5516.399724,-2335.984905,5998.198246,-2150.384651,342.125,0,0,0,6257.500125,-2067.56153,6257.500125,-2067.56153,0,0,0,0,0,0,0,0,9.59E-12,0,114624.3793,0,0,0,117691,0,9.59E-12,0,5543.989772,-2582.737388,6189.198246,0,5775.134472,-2252.594653,5775.134472,0,0,0,0,0,9.59E-12,0,46747.69134,0,7789.729795,0,0,0,0,-342.125,0,-402.5,0,0,1368.325899,0,127.2782097,0,3384.661195,-3384.661195,0,0,1517.75091,0,0,0,7.452102665,0
19,hwfet,0,0,0,0,0,0,0,0,0,0,55595404.53,0,65747,0,65555.875,0,3044961.426,0,65120.82578,0,65555.875,0,60548.4,0,28491.85377,0,28491.85377,0,757.4540722,0,60604.74955,0,60604.74955,0,27892.66603,0,5354.966506,-908.3187876,109898.4759,0,105451.8281,0,33.63973978,-33.63973978,7263.102184,-727.0189254,739.799157,0,708.0187181,0,19.00020724,0,7263.102184,-708.0187181,7263.102184,-708.0187181,7411.328759,-693.8583438,7411.328759,-693.8583438,7411.328759,-693.8583438,7982.228675,-643.1792647,191.125,0,0,0,8153.992629,-623.8182189,8153.992629,-623.8182189,0,0,0,0,0,0,0,0,17.57663073,0,64399.2162,0,0,0,65747,0,17.57663073,0,7532.559227,-762.3444194,8151.978675,0,7545.797082,-674.4335841,7545.797082,0,0,0,0,0,17.57663073,0,30002.67792,0,7971.120902,0,0,0,16.23410771,-189.782477,14.23563727,-223.2735023,0,0,4446.647719,0,134.5610431,0,1878.971602,-1878.971602,0,0,2089.43554,0,0,0,10.25905374,0
19,us06,0,0,0,0,0,0,0,0,0,0,43211365.77,0,51557,0,51407.125,0,2784714.258,0,50583.72498,0,51407.125,0,47480.4,0,28033.60892,0,27869.64764,0,588.3168912,0,47067.3471,0,47067.3471,0,27020.7058,0,8013.594118,-2849.353206,85845.46946,0,80681.22855,0,77.91714823,-77.91714823,9392.848226,-2597.520028,522.1108467,0,2512.656377,0,84.86365135,0,9392.848226,-2512.656377,9392.848226,-2512.656377,9584.539006,-2462.403249,9584.539006,-2462.403249,9584.539006,-2462.403249,10162.66516,-2318.429439,149.875,0,0,0,10279.0982,-2284.987479,10279.0982,-2284.987479,0,0,0,0,0,0,0,0,63.97715652,0,50005.26678,0,0,0,51557,0,63.97715652,0,9781.889704,-2666.346734,10266.91516,0,9604.196621,-2428.883297,9604.196621,0,0,0,0,0,63.97715652,0,29487.19286,0,11905.5046,0,0,0,62.72715652,-148.625,58.90306627,-174.8529412,0,0,5164.240912,0,192.2805415,0,4352.117758,-4352.117758,0,0,1631.087286,0,0,0,8.008580217,0
20,udds,0,0,0,0,0,0,0,0,0,0,127444134.1,0,117691,0,117348.875,0,3673814.008,0,115584.0989,0,117348.875,0,108385.2,0,44443.90014,0,44443.90014,0,1344.429361,0,107574.2094,0,107574.2094,0,42146.08165,0,4323.003331,-2954.677432,97698.93217,0,96330.60627,0,60.59651019,-60.59651019,5466.791953,-2558.946777,1013.471787,0,2420.620069,0,138.3267084,0,5466.791953,-2420.620069,5466.791953,-2420.620069,5578.359135,-2372.207667,5578.359135,-2372.207667,5578.359135,-2372.207667,6062.663944,-2185.131385,342.125,0,0,0,6321.719578,-2102.062018,6321.719578,-2102.062018,0,0,0,0,0,0,0,0,0,0,114634.2955,0,0,0,117691,0,0,0,5602.057043,-2621.714207,6253.413944,0,5836.895181,-2288.618714,5836.895181,0,0,0,0,0,0,0,46851.17757,0,7887.412021,0,0,0,0,-342.125,0,-402.5,0,0,1368.325899,0,128.78518,0,3433.20575,-3433.20575,0,0,1539.519276,0,0,0,7.452102665,0
20,hwfet,0,0,0,0,0,0,0,0,0,0,70215849.75,0,65747,0,65555.875,0,3062290.358,0,65123.94088,0,65555.875,0,60548.4,0,28550.26983,0,28550.26983,0,757.4925449,0,60606.94149,0,60606.94149,0,27952.22308,0,5374.021827,-927.374108,111474.6964,0,107028.0487,0,33.63973978,-33.63973978,7307.154236,-741.1032166,739.799157,0,721.7585053,0,19.34471132,0,7307.154236,-721.7585053,7307.154236,-721.7585053,7456.279833,-707.3233352,7456.279833,-707.3233352,7456.279833,-707.3233352,8028.895085,-655.8969157,191.125,0,0,0,8200.483714,-636.3605444,8200.483714,-636.3605444,0,0,0,0,0,0,0,0,17.95101326,0,64405.03275,0,0,0,65747,0,17.95101326,0,7575.710684,-776.7736955,8198.645085,0,7590.208977,-687.7319181,7590.208977,0,0,0,0,0,17.95101326,0,30064.60045,0,8028.912742,0,0,0,16.59988192,-189.7738687,14.59234159,-223.2633749,0,0,4446.647719,0,135.4640704,0,1905.920781,-1905.920781,0,0,2119.403301,0,0,0,10.25905374,0
20,us06,0,0,0,0,0,0,0,0,0,0,54675046.35,0,51557,0,51407.125,0,2799615.367,0,50585.44526,0,51407.125,0,47480.4,0,28148.29238,0,27971.87743,0,588.3246764,0,47068.00757,0,47068.00757,0,27140.93819,0,8065.631605,-2901.498694,87076.01599,0,81911.88308,0,77.89790206,-77.89790206,9462.257708,-2643.658965,522.1108467,0,2557.408882,0,86.25008236,0,9462.257708,-2557.408882,9462.257708,-2557.408882,9655.365008,-2506.260705,9655.365008,-2506.260705,9655.365008,-2506.260705,10237.3859,-2360.171784,149.875,0,0,0,10353.68359,-2326.594473,10353.68359,-2326.594473,0,0,0,0,0,0,0,0,65.63449296,0,50007.84902,0,0,0,51557,0,65.63449296,0,9855.520617,-2713.721984,10341.6359,0,9673.956642,-2472.581516,9673.956642,0,0,0,0,0,65.63449296,0,29599.08732,0,12019.66659,0,0,0,64.38449296,-148.625,60.41932687,-174.8529412,0,0,5164.132912,0,194.0539984,0,4413.447646,-4413.447646,0,0,1654.465832,0,0,0,8.008505921,0
21,udds,0,0,0,0,0,0,0,0,0,0,66013719.75,0,71162,0,70819.875,0,3976362.425,0,69991.93441,0,70819.875,0,65044.805,0,29389.86316,0,29388.72002,0,1346.3456,0,65999.24716,0,65999.24716,0,28800.94562,0,3931.037688,-2558.651709,85997.23923,0,84624.85325,0,60.59651019,-60.59651019,4831.64616,-2273.524533,1013.471787,0,2150.454395,0,123.0701384,0,4831.64616,-2150.454395,4831.64616,-2150.454395,4930.251183,-2107.445307,4930.251183,-2107.445307,4930.251183,-2107.445307,6092.915734,-1703.637531,342.125,0,0,0,6353.516846,-1622.113643,6353.516846,-1622.113643,0,0,0,0,0,0,0,0,0,0,69756.95,0,0,0,71162,0,0,0,5741.50228,-2606.089341,6283.415734,0,5188.588655,-2023.657778,5188.588655,0,0,0,0,0,0,0,31534.12367,0,6982.100555,0,0,0,0,-342.125,0,-593.4328023,0,0,1372.38598,0,122.0191009,0,3022.000443,-3022.000443,0,0,1185.735647,0,0,0,7.452102665,0
21,hwfet,0,0,0,0,0,0,0,0,0,0,36036837.54,0,39754,0,39562.875,0,3088495.402,0,39435.60997,0,39562.875,0,36336.685,0,19969.14988,0,19967.12774,0,758.5328565,0,37176.39814,0,37176.39814,0,19567.78519,0,5228.479083,-768.6373246,98123.03907,0,93663.19731,0,33.63973978,-33.63973978,6733.230452,-641.0271607,739.799157,0,624.1563568,0,16.87080384,0,6733.230452,-624.1563568,6733.230452,-624.1563568,6870.643318,-611.6732297,6870.643318,-611.6732297,6870.643318,-611.6732297,8005.975958,-510.4874253,191.125,0,0,0,8178.466795,-491.8532627,8178.466795,-491.8532627,0,0,0,0,0,0,0,0,4.382882493,0,39144.60132,0,0,0,39754,0,4.382882493,0,7663.450632,-736.2400751,8176.475958,0,7012.996775,-592.9346249,7012.996775,0,0,0,0,0,4.382882493,0,21256.88669,0,7357.386809,0,0,0,3.415383433,-190.1575009,1.969031797,-329.8376285,0,0,4459.841759,0,132.9420803,0,1677.642956,-1677.642956,0,0,1632.361532,0,0,0,10.25905374,0
21,us06,0,0,0,0,0,0,0,0,0,0,27984833.93,0,31174,0,31024.125,0,2704665.088,0,30608.7853,0,31024.125,0,28494.235,0,20818.59015,0,19956.03578,0,588.7609244,0,28858.12262,0,28858.12262,0,19556.82618,0,7601.41935,-2434.082275,76584.08322,0,71416.74614,0,76.2751269,-76.2751269,8704.71916,-2264.326751,522.1108441,0,2188.153397,0,76.17335363,0,8704.71916,-2188.153397,8704.71916,-2188.153397,8882.366489,-2144.390329,8882.366489,-2144.390329,8882.366489,-2144.390329,9641.60635,-1947.844319,149.875,0,0,0,9759.69716,-1916.060129,9759.69716,-1916.060129,0,0,0,0,0,0,0,0,53.63700466,0,30337.01627,0,0,0,31174,0,53.63700466,0,9343.858645,-2400.397581,9747.10635,0,8914.937246,-2112.329305,8914.937246,0,0,0,0,0,53.63700466,0,21378.18488,0,10892.87256,0,0,0,52.38700466,-148.625,46.32539029,-257.7974431,0,0,5167.337075,0,178.7336783,0,3803.906636,-3803.906636,0,0,1273.055333,0,0,0,8.000888788,0
22,udds,0,0,0,0,0,0,0,0,0,0,304709455.5,0,410550,0,410207.875,0,4757072.311,0,398635.6961,0,410207.875,0,378321.825,0,140649.8424,0,140649.8424,0,1329.935234,0,379368.5631,0,379368.5631,0,121840.8137,0,5599.901455,-4260.311464,186951.225,0,185611.635,0,60.59651019,-60.59651019,7117.528156,-3641.704255,1013.471787,0,3448.529145,0,193.1751097,0,7117.528156,-3448.529145,7117.528156,-3448.529145,7262.783833,-3379.558562,7262.783833,-3379.558562,7262.783833,-3379.558562,8198.854204,-2998.985945,342.125,0,0,0,8454.339997,-2912.346738,8454.339997,-2912.346738,0,0,0,0,0,0,0,0,0.43191664,0,393214.9522,0,0,0,410550,0,0.43191664,0,6810.86916,-3867.596788,8387.604204,0,7503.630745,-3292.62687,7503.630745,0,0,0,0,0,0.43191664,0,148398.346,0,10566.0573,0,0,0,0.18191664,-341.875,0.154629144,-402.2058824,0,0,1339.589991,0,173.7595465,0,4763.909525,-4763.909525,0,0,2136.23391,0,0,0,7.452102665,0
22,hwfet,0,0,0,0,0,0,0,0,0,0,169208691.6,0,229350,0,229158.875,0,3703326.739,0,226070.5131,0,229158.875,0,211346.025,0,82336.1213,0,82336.1213,0,753.928857,0,214970.6007,0,214970.6007,0,80223.32525,0,5850.416641,-1497.151983,205263.3221,0,200910.0575,0,33.63973978,-33.63973978,8441.018105,-1146.873609,739.799157,0,1117.691346,0,29.18226242,0,8441.018105,-1117.691346,8441.018105,-1117.691346,8613.283781,-1095.337519,8613.283781,-1095.337519,8613.283781,-1095.337519,9695.544461,-981.0334043,191.125,0,0,0,9863.896685,-958.2606284,9863.896685,-958.2606284,0,0,0,0,0,0,0,0,23.51022085,0,221224.7073,0,0,0,229350,0,23.51022085,0,8442.885124,-1243.193168,9862.294461,0,8729.075856,-1072.516606,8729.075856,0,0,0,0,0,23.51022085,0,86801.10819,0,9558.709452,0,0,0,22.01022085,-189.625,18.70868773,-223.0882353,0,0,4353.264658,0,165.8563492,0,2644.651916,-2644.651916,0,0,2940.879839,0,0,0,10.25905374,0
22,us06,0,0,0,0,0,0,0,0,0,0,132306652.9,0,179850,0,179700.125,0,3298044.754,0,175484.6901,0,179700.125,0,165731.775,0,72302.56586,0,72302.56586,0,585.7129147,0,167128.663,0,167128.663,0,67268.68384,0,9518.562199,-4460.880589,160379.9413,0,155322.2597,0,78.30368798,-78.30368798,11337.68329,-3983.930362,522.1108467,0,3858.164564,0,125.7657981,0,11337.68329,-3858.164564,11337.68329,-3858.164564,11569.06459,-3781.001273,11569.06459,-3781.001273,11569.06459,-3781.001273,12548.54385,-3475.26211,149.875,0,0,0,12662.49935,-3439.342614,12662.49935,-3439.342614,0,0,0,0,0,0,0,0,90.96338465,0,171903.9946,0,0,0,179850,0,90.96338465,0,11617.68884,-4183.928164,12650.79385,0,11613.54937,-3745.051866,11613.54937,0,0,0,0,0,90.96338465,0,76179.44879,0,15195.84786,0,0,0,89.96338465,-148.875,81.84095154,-175.1470588,0,0,5057.68161,0,246.3037864,0,6155.992876,-6155.992876,0,0,2296.071322,0,0,0,8.009684306,0
23,udds,1368500,0,31562.15089,0,183379,0,1368500,0,31562.15089,0,1637919.454,0,32844,0,64022.97089,0,212260.9221,0,32834.72182,0,64022.97089,0,59833.68,0,56075.8125,0,53633.87292,0,247.8947897,0,35155.18632,0,35155.18632,0,49654.81412,0,5656.772923,-3968.599416,113973.5232,0,112285.3497,0,68.5096901,-68.5096901,6933.906873,-3504.31031,1013.471787,0,3210.588911,0,293.7213994,0,6933.906873,-3210.588911,6933.906873,-3210.588911,7075.415177,-3146.377132,7075.415177,-3146.377132,7084.685371,-3146.377132,7768.34706,-2869.291485,383.18,0,0,0,154.0208338,-26433.93615,2689.981767,-2773.17708,5365.430887,0,40.04052901,0,11180.84401,0,11180.84401,0,2681.102547,0,19441.59243,0,0,0,32844,0,2681.102547,0,166.7147448,-35360.05314,7970.600295,0,77.28292903,0,77.28292903,0,0,0,0,0,2681.102547,0,56772.29411,0,33287.899,0,0,0,2591.853368,-293.9308208,2343.084716,-345.8009656,0,-32.23440345,1688.173507,0,83.19531239,0,4568.778092,-4568.778092,0,0,1741.423056,0,0,0,7.452102665,80.85491645
23,hwfet,764500,0,23994.66977,0,102443,0,764500,0,23994.66977,0,597036.4357,0,18348,0,42128.60977,0,446384.0918,0,18348,0,42128.60977,0,39493.82,0,35586.1927,0,35026.47735,0,138.5228358,0,19644.53961,0,19644.53961,0,34263.76914,0,6762.785918,-1276.729651,131970.8953,0,126484.839,0,38.03268769,-38.03268769,8930.614379,-1047.200813,739.799157,0,880.174372,0,167.0264415,0,8930.614379,-880.174372,8930.614379,-880.174372,9112.871815,-862.5708846,9112.871815,-862.5708846,9112.871815,-862.5708846,9911.575013,-788.3508793,214.06,0,0,0,0,-14657.38564,742.0936812,-765.0450322,9360.235485,0,69.85250362,0,16910.57201,0,16910.57201,0,741.0395284,0,13793.74597,0,0,0,18348,0,741.0395284,0,65.25705502,-13505.14353,10100.29501,0,1.526130616,0,1.526130616,0,0,0,0,0,741.0395284,0,36986.32211,0,12585.36279,0,0,0,706.8795284,-179.9,627.7911728,-211.6470588,0,0,5486.056266,0,22.95135097,0,2536.32603,-2536.32603,0,0,2397.357299,0,0,0,10.25905374,73.59722409
23,us06,599500,0,22468.42346,0,80333,0,599500,0,22468.42346,0,310343.7705,0,14388,0,36688.56346,0,512759.6042,0,14388,0,36688.56346,0,34417.9,0,34610.8149,0,31915.0601,0,108.6258209,0,15404.71092,0,15404.71092,0,30724.42525,0,10299.60342,-3930.32948,103070.1824,0,96700.90842,0,87.8330661,-87.8330661,11866.79358,-3626.291234,522.1108467,0,2403.758387,0,1222.532847,0,11866.79358,-2403.758387,11866.79358,-2403.758387,12108.97304,-2355.683219,12108.97304,-2355.683219,12171.88168,-2355.683219,12944.53245,-2184.202066,167.86,0,0,0,943.1164297,-12483.34951,2081.303887,-2145.67411,10992.56061,0,82.03403438,0,18990.85799,0,18990.85799,0,1631.390119,0,11800.25805,0,0,0,14388,0,1631.390119,0,3462.545228,-10602.54535,12994.71073,0,13.88607835,0,13.88607835,0,0,0,0,0,1631.390119,0,33688.60257,0,13300.23784,0,0,0,1607.590119,-144.06,1490.069791,-169.4823529,0,-8.055075619,6369.273937,0,64.3702233,0,5857.416485,-5857.416485,0,0,1871.22841,0,0,0,8.007581028,51.15303085
24,udds,1368500,0,35916.44509,0,156009,0,1368500,0,35916.44509,0,2925875.407,0,45160.5,0,80666.39509,0,185044.4282,0,43916.55965,0,80666.39509,0,75686.27,0,60675.85709,0,60070.99493,0,392.2753066,0,46514.16507,0,46514.16507,0,55422.71245,0,4885.836115,-3568.005001,116436.3955,0,115118.5644,0,61.32438967,-61.32438967,6134.927397,-3092.198656,1013.471787,0,2927.442613,0,164.756044,0,6134.927397,-2927.442613,6134.927397,-2927.442613,6260.129997,-2868.89376,6260.129997,-2868.89376,6260.129997,-2868.89376,6854.25849,-2625.547999,410.55,0,0,0,68.01753984,-31345.20214,2447.13536,-2522.819958,4714.94509,0,41.35916745,0,9842.68947,0,9842.68947,0,2438.263401,0,23001.00962,0,0,0,45160.5,0,2438.263401,0,169.7736602,-30058.15483,7081.05849,0,3470.683724,-2429.174992,3470.683724,0,0,0,0,0,2438.263401,0,63329.88122,0,28331.47483,0,0,0,2342.563401,-314.85,2124.974781,-370.4117647,0,-241.9637076,1317.831114,0,75.68459875,0,4049.061933,-4049.061933,0,0,1724.897627,0,0,0,7.452102665,91.84609143
24,hwfet,764500,0,25316.2108,0,87153,0,764500,0,25316.2108,0,1356456.099,0,25228.5,0,50315.3608,0,390030.5084,0,25228.5,0,50315.3608,0,47337.96,0,37424.08696,0,37213.56087,0,225.290708,0,26710.95818,0,26710.95818,0,36392.53171,0,5479.359845,-1196.804994,132695.3239,0,128412.769,0,34.04381712,-34.04381712,7603.251054,-946.0888954,739.799157,0,887.2457679,0,58.84312742,0,7603.251054,-887.2457679,7603.251054,-887.2457679,7758.419443,-869.5008526,7758.419443,-869.5008526,7758.419443,-869.5008526,8433.244516,-799.9056692,229.35,0,0,0,0,-17453.52196,750.8432942,-774.0652518,7885.910804,0,69.17465617,0,14274.07858,0,14274.07858,0,749.6837117,0,17743.32549,0,0,0,25228.5,0,749.6837117,0,70.17130475,-11636.3428,8634.544516,0,227.7055025,-186.4912445,227.7055025,0,0,0,0,0,749.6837117,0,39188.65398,0,10868.66123,0,0,0,708.8166478,-188.4829362,630.7452462,-221.7446308,0,0,4282.554851,0,23.22195755,0,2247.809145,-2247.809145,0,0,2374.607308,0,0,0,10.25905374,87.18991805
24,us06,599500,0,22390.93802,0,68343,0,599500,0,22390.93802,0,970482.9706,0,19783.5,0,41968.4909,0,401946.9521,0,19783.5,0,41994.58802,0,39365.81,0,35628.10087,0,33572.42121,0,176.6668142,0,20946.00318,0,20946.00318,0,32204.92137,0,8582.862189,-3609.762055,103646.8673,0,98673.76716,0,78.71934698,-78.71934698,10102.60493,-3275.937191,522.1108467,0,2758.000039,0,517.9371519,0,10102.60493,-2758.000039,10102.60493,-2758.000039,10308.78054,-2702.840039,10308.78054,-2702.840039,10344.09416,-2702.840039,10997.05984,-2528.882929,179.85,0,0,0,697.9419331,-14440.85304,2412.42588,-2487.036989,8722.638018,0,76.51436858,0,15086.72498,0,15086.72498,0,2350.440932,0,15200.26598,0,0,0,19783.5,0,2350.440932,0,3061.693015,-9888.24754,11083.76689,0,1286.418989,-1146.527379,1142.217612,0,0,0,0,0,2350.440932,0,35404.09483,0,12268.35164,0,0,0,2319.240932,-148.65,2172.733216,-174.8823529,0,-327.5167118,4973.100133,0,74.61110968,0,5197.597774,-5197.597774,0,0,1853.567606,0,0,0,8.007997626,64.39280973
25,udds,6842500,0,122032.5612,0,290122,0,6842500,0,119382.5103,0,0,0,0,0,0,-13685,0,0,0,0,0,-13685,0,0,0,0,0,0,0,0,0,0,0,0,89842.88379,0,39467.10123,-27137.07467,903700.1242,0,891370.0976,0,26.53966325,-26.53966325,51003.31035,-22478.48991,1013.379835,0,0,0,22478.48991,0,51003.31035,0,51003.31035,0,60003.89453,0,0,0,0,0,0,0,13685,0,0,0,0,-105697.5103,0,0,73688.89453,0,347.5891251,0,199767.9967,0,199767.9967,0,0,0,0,0,0,0,0,0,0,0,0,0,0,0,0,0,0,0,0,0,0,0,0,0,0,0,56602.22399,0,0,0,0,-13685,0,0,0,0,12330.02656,0,0,0,31424.25356,-31424.25356,0,0,16194.79388,0,0,0,7.397354255,4.492037561
25,hwfet,3822500,0,116362.955,0,162074,0,3822500,0,112585.5116,0,0,0,0,0,0,-7645,0,0,0,0,0,-7645,0,0,0,0,0,0,0,0,0,0,0,0,89199.4349,0,49197.05926,-8538.224737,1032631.316,0,991972.4814,0,14.87895151,-14.87895151,69458.27843,-6411.306708,739.7979168,0,0,0,6411.306708,0,69458.27843,0,69458.27842,0,81715.62167,0,0,0,0,0,0,0,7645,0,0,0,0,-104940.5116,0,0,89360.62167,0,421.5123664,0,241098.5642,0,241098.5642,0,0,0,0,0,0,0,0,0,0,0,0,0,0,0,0,0,0,0,0,0,0,0,0,0,0,0,45987.54615,0,0,0,0,-7645,0,0,0,0,40658.83452,0,0,0,17617.40308,-17617.40308,0,0,22388.1372,0,0,0,10.22630996,5.145457314
25,us06,2997500,0,110600.8632,0,127094,0,2997500,0,97982.70739,0,0,0,0,0,0,-5995,0,0,0,0,0,-5995,0,0,0,0,0,0,0,0,0,0,0,0,78189.55128,0,56537.5783,-18322.16221,746914.1149,0,708698.6988,0,19.03719593,-19.03719593,70918.50037,-16735.52742,522.0210807,0,0,0,16735.52742,0,70918.50037,0,70918.50035,0,83433.52982,0,0,0,0,0,0,0,5995,0,0,0,0,-91987.70739,0,0,89428.52982,0,421.8326878,0,257232.241,0,257232.241,0,0,0,0,0,0,0,0,0,0,0,0,0,0,0,0,0,0,0,0,0,0,0,0,0,0,0,57819.2754,0,0,0,0,-5995,0,0,0,0,38215.41608,0,0,0,22540.96694,-22540.96694,0,0,15967.55687,0,0,0,7.293558386,3.439661998
26,udds,6842500,0,159876.5685,0,439288.5,0,6842500,0,157689.96,0,0,0,0,0,0,-13685,0,0,0,0,0,-13685,0,0,0,0,0,0,0,0,0,0,0,0,115203.968,0,48682.6009,-40743.73555,1261293.955,0,1253355.089,0,87.29179377,-87.29179377,58389.45483,-35697.50297,1013.412343,0,0,0,35697.50297,0,58389.45483,0,58389.45483,0,72986.81854,0,0,0,0,0,0,0,13685,0,0,0,0,-144004.96,0,0,86671.81854,0,270.0056652,0,236394.6567,0,236394.6567,0,0,0,0,0,0,0,0,0,0,0,0,0,0,0,0,0,0,0,0,0,0,0,0,0,0,0,78638.94789,0,0,0,0,-13685,0,0,0,0,7938.865351,0,0,0,43887.7326,-43887.7326,0,0,14753.08651,0,0,0,7.418007917,3.806651485
26,hwfet,3822500,0,122327.6025,0,245404.5,0,3822500,0,121135.8406,0,0,0,0,0,0,-7645,0,0,0,0,0,-7645,0,0,0,0,0,0,0,0,0,0,0,0,90792.67247,0,42311.59425,-16238.61102,1440957.583,0,1414884.6,0,48.706311,-48.706311,59033.48204,-12579.97474,739.7983102,0,0,0,12579.97474,0,59033.48204,0,59033.48204,0,73791.85255,0,0,0,0,0,0,0,7645,0,0,0,0,-113490.8406,0,0,81436.85255,0,253.69736,0,211148.0767,0,211148.0767,0,0,0,0,0,0,0,0,0,0,0,0,0,0,0,0,0,0,0,0,0,0,0,0,0,0,0,37467.36038,0,0,0,0,-7645,0,0,0,0,26072.98323,0,0,0,24488.09288,-24488.09288,0,0,20380.52407,0,0,0,10.24754304,5.887371592
26,us06,2997500,0,130793.6041,0,192439.5,0,2997500,0,120680.5393,0,0,0,0,0,0,-5995,0,0,0,0,0,-5995,0,0,0,0,0,0,0,0,0,0,0,0,91748.43144,0,61802.81107,-34027.06912,1075622.805,0,1047847.063,0,82.87336275,-82.87336275,74188.28332,-31326.44471,522.027738,0,0,0,31326.44471,0,74188.28332,0,74188.28329,0,92735.35411,0,0,0,0,0,0,0,5995,0,0,0,0,-114685.5393,0,0,98730.35411,0,307.5711966,0,277645.8701,0,277645.8701,0,0,0,0,0,0,0,0,0,0,0,0,0,0,0,0,0,0,0,0,0,0,0,0,0,0,0,60540.19753,0,0,0,0,-5995,0,0,0,0,27775.74195,0,0,0,41666.27614,-41666.27614,0,0,15086.09667,0,0,0,7.585448945,3.314281058
