,vnum,cycle,curMaxFsKjOutPos,fcTransLimKjPos,fcFsLimKjPos,fcMaxKjInPos,curMaxFcKjOutPos,essCapLimDischgKjPos,curMaxEssKjOutPos,curMaxAvailElecKjPos,essCapLimChgKjPos,curMaxEssChgKjPos,curMaxElecKjPos,mcElecInLimKjPos,mcTransiLimKjPos,curMaxMcKjOutPos,essLimMcRegenPercKjPos,essLimMcRegenKjPos,curMaxMechMcKjInPos,curMaxTransKjOutPos,cycDragKjPos,cycAccelKjPos,cycAscentKjPos,cycTracKjReqPos,curMaxTracKjPos,spareTracKjPos,cycRrKjPos,cycTireInertiaKjPos,cycWheelKjReqPos,regenContrLimKjPercPos,cycRegenBrakeKjPos,cycFricBrakeKjPos,cycTransKjOutReqPos,transKjOutAchPos,transKjInAchPos,minMcKj2HelpFcPos,mcMechKjOutAchPos,mcElecKjInAchPos,auxInKjPos,roadwayChgKjOutAchPos,minEssKj2HelpFcPos,essKjOutAchPos,fcKjOutAchPos,fcKjOutAch_pctPos,fcKjInAchPos,fsKjOutAchPos,essRegenBufferDischgKjPos,maxEssRegenBufferChgKjPos,essAccelBufferChgKjPos,maxEssAccelBufferDischgKjPos,essAccelRegenDischgKjPos,mcElectInKjForMaxFcEffPos,electKjReq4AEPos,desiredEssKjOutForAEPos,essAEKjOutPos,erAEKjOutPos,essDesiredKj4FcEffPos,essKjIfFcIsReqPos,curMaxMcElecKjInPos,fcKjGapFrEffPos,erKjIfFcIsReqPos,mcElecKjInIfFcIsReqPos,mcKjIfFcIsReqPos,mcMechKj4ForcedFcPos,dragKjPos,essLossKjPos,accelKjPos,ascentKjPos,rrKjPos,curMaxFsKjOutNeg,fcTransLimKjNeg,fcFsLimKjNeg,fcMaxKjInNeg,curMaxFcKjOutNeg,essCapLimDischgKjNeg,curMaxEssKjOutNeg,curMaxAvailElecKjNeg,essCapLimChgKjNeg,curMaxEssChgKjNeg,curMaxElecKjNeg,mcElecInLimKjNeg,mcTransiLimKjNeg,curMaxMcKjOutNeg,essLimMcRegenPercKjNeg,essLimMcRegenKjNeg,curMaxMechMcKjInNeg,curMaxTransKjOutNeg,cycDragKjNeg,cycAccelKjNeg,cycAscentKjNeg,cycTracKjReqNeg,curMaxTracKjNeg,spareTracKjNeg,cycRrKjNeg,cycTireInertiaKjNeg,cycWheelKjReqNeg,regenContrLimKjPercNeg,cycRegenBrakeKjNeg,cycFricBrakeKjNeg,cycTransKjOutReqNeg,transKjOutAchNeg,transKjInAchNeg,minMcKj2HelpFcNeg,mcMechKjOutAchNeg,mcElecKjInAchNeg,auxInKjNeg,roadwayChgKjOutAchNeg,minEssKj2HelpFcNeg,essKjOutAchNeg,fcKjOutAchNeg,fcKjOutAch_pctNeg,fcKjInAchNeg,fsKjOutAchNeg,essRegenBufferDischgKjNeg,maxEssRegenBufferChgKjNeg,essAccelBufferChgKjNeg,maxEssAccelBufferDischgKjNeg,essAccelRegenDischgKjNeg,mcElectInKjForMaxFcEffNeg,electKjReq4AENeg,desiredEssKjOutForAENeg,essAEKjOutNeg,erAEKjOutNeg,essDesiredKj4FcEffNeg,essKjIfFcIsReqNeg,curMaxMcElecKjInNeg,fcKjGapFrEffNeg,erKjIfFcIsReqNeg,mcElecKjInIfFcIsReqNeg,mcKjIfFcIsReqNeg,mcMechKj4ForcedFcNeg,dragKjNeg,essLossKjNeg,accelKjNeg,ascentKjNeg,rrKjNeg,distMilesFinal,mpgge
0,1,udds,2737000,29175.63794,134113,2737000,29175.63794,0,0,0,0,0,0,0,0,0,0,0,0,25960.27291,1217.551072,3259.966006,0,4045.605416,112686.2059,111468.6548,1827.293814,60.59651019,5396.923575,1013.471787,0,2352.078688,5396.923575,5396.923575,5866.221277,0,0,0,957.95,0,0,0,6824.171277,69.63440079,24407.57911,24407.57911,0,0,0,0,0,0,0,0,0,0,0,0,0,21681.51745,0,0,0,0,1217.551072,0,3259.966006,0,1827.293814,0,0,0,0,0,0,0,-957.95,0,0,-957.95,0,0,0,0,0,0,0,0,-3259.966006,0,-2828.054343,0,0,0,-60.59651019,-2352.078688,0,0,0,0,0,0,0,0,0,0,0,-28217.68794,0,0,0,0,0,0,0,0,0,0,0,0,0,0,0,0,0,0,0,0,-957.95,0,0,0,0,-3259.966006,0,0,7.452102665,37.03717676
1,1,hwfet,1529000,20794.66703,74921,1529000,20794.66703,0,0,0,0,0,0,0,0,0,0,0,0,18638.75566,3956.674869,1809.747917,0,4863.366336,125668.2564,121711.5816,2515.572622,33.63973978,7151.512997,739.799157,0,679.2655052,7151.512997,7151.512997,7773.383692,0,0,0,535.15,0,0,0,8308.533692,84.78095604,25112.52738,25112.52738,0,0,0,0,0,0,0,0,0,0,0,0,0,7972.668582,0,0,0,0,3956.674869,0,1809.747917,0,2515.572622,0,0,0,0,0,0,0,-535.15,0,0,-535.15,0,0,0,0,0,0,0,0,-1809.747917,0,-906.691467,0,0,0,-33.63973978,-679.2655052,0,0,0,0,0,0,0,0,0,0,0,-20259.51703,0,0,0,0,0,0,0,0,0,0,0,0,0,0,0,0,0,0,0,0,-535.15,0,0,0,0,-1809.747917,0,0,10.25905374,49.55665652
2,1,us06,1199000,20014.38256,58751,1199000,20014.38256,0,0,0,0,0,0,0,0,0,0,0,0,18027.15396,4591.433161,4574.939462,0,7847.434852,98099.6,93043.87216,1963.014473,85.03934252,9498.386928,522.1108408,0,2471.014266,9498.386928,9019.311292,9803.599231,0,0,0,419.65,0,0,0,10223.24923,104.3188697,30080.55925,30080.55925,0,0,0,0,0,0,0,0,0,0,0,0,0,7797.41624,0,0,0,0,4586.283773,0,4117.400847,0,1962.013253,0,0,0,0,0,0,0,-419.65,0,0,-419.65,0,0,0,0,0,0,0,0,-4110.644782,0,-2791.707011,0,0,0,-76.40899567,-2471.014266,0,0,0,0,0,0,0,0,0,0,0,-19594.73256,0,0,0,0,0,0,0,0,0,0,0,0,0,0,0,0,0,0,0,0,-419.65,0,0,0,0,-4117.400847,0,0,8.001517916,32.26854631
3,2,udds,2737000,32411.45454,150535,2737000,32411.45454,0,0,0,0,0,0,0,0,0,0,0,0,28937.22418,1235.052778,3378.949515,0,4173.937977,96154.95937,94919.9066,2272.784515,60.59651019,5855.834845,1013.471787,0,2347.997552,5855.834845,5855.834845,6365.037875,0,0,0,957.95,0,0,0,7322.987875,66.57261704,26454.83334,26454.83334,0,0,0,0,0,0,0,0,0,0,0,0,0,24466.30499,0,0,0,0,1235.052778,0,3378.949515,0,2272.784515,0,0,0,0,0,0,0,-957.95,0,0,-957.95,0,0,0,0,0,0,0,0,-3378.949515,0,-2938.885199,0,0,0,-60.59651019,-2347.997552,0,0,0,0,0,0,0,0,0,0,0,-31453.50454,0,0,0,0,0,0,0,0,0,0,0,0,0,0,0,0,0,0,0,0,-957.95,0,0,0,0,-3378.949515,0,0,7.452102665,34.17117141
4,2,hwfet,1529000,23039.98715,84095,1529000,23039.98715,0,0,0,0,0,0,0,0,0,0,0,0,20704.45018,4013.550149,1875.800802,0,4962.314929,109713.0201,105699.4699,3128.864366,33.63973978,7810.527512,739.799157,0,668.1129966,7810.527512,7810.527512,8489.703817,0,0,0,535.15,0,0,0,9024.853817,82.04412561,27415.89198,27415.89198,0,0,0,0,0,0,0,0,0,0,0,0,0,9099.669178,0,0,0,0,4013.550149,0,1875.800802,0,3128.864366,0,0,0,0,0,0,0,-535.15,0,0,-535.15,0,0,0,0,0,0,0,0,-1875.800802,0,-948.7647795,0,0,0,-33.63973978,-668.1129966,0,0,0,0,0,0,0,0,0,0,0,-22504.83715,0,0,0,0,0,0,0,0,0,0,0,0,0,0,0,0,0,0,0,0,-535.15,0,0,0,0,-1875.800802,0,0,10.25905374,45.39338988
5,2,us06,1199000,21848.0888,65945,1199000,21848.0888,0,0,0,0,0,0,0,0,0,0,0,0,19714.1637,4658.423098,4678.39318,0,7973.763003,85649.69855,80595.43923,2441.825492,83.90012894,10011.48428,522.1108426,0,2508.300732,10011.48428,9603.241032,10438.30547,0,0,0,419.65,0,0,0,10857.95547,98.70868608,31914.55373,31914.55373,0,0,0,0,0,0,0,0,0,0,0,0,0,8411.024161,0,0,0,0,4654.128241,0,4287.165826,0,2440.812059,0,0,0,0,0,0,0,-419.65,0,0,-419.65,0,0,0,0,0,0,0,0,-4282.556963,0,-2919.503688,0,0,0,-76.8013862,-2508.300732,0,0,0,0,0,0,0,0,0,0,0,-21428.4388,0,0,0,0,0,0,0,0,0,0,0,0,0,0,0,0,0,0,0,0,-419.65,0,0,0,0,-4287.165826,0,0,8.003038532,30.42006415
6,3,udds,2737000,41365.87327,203906.5,2737000,41365.87327,0,0,0,0,0,0,0,0,0,0,0,0,37175.28941,1274.31336,3973.864299,0,4781.58208,113084.4834,111810.17,1559.216369,60.59651019,5910.270078,1013.471787,0,3076.740349,5910.270078,5910.270078,6424.206607,0,0,0,957.95,0,0,0,7382.156607,49.54467521,28630.48956,28630.48956,0,0,0,0,0,0,0,0,0,0,0,0,0,34957.53793,0,0,0,0,1274.31336,0,3973.864299,0,1559.216369,0,0,0,0,0,0,0,-957.95,0,0,-957.95,0,0,0,0,0,0,0,0,-3973.864299,0,-3507.26872,0,0,0,-60.59651019,-3076.740349,0,0,0,0,0,0,0,0,0,0,0,-40407.92327,0,0,0,0,0,0,0,0,0,0,0,0,0,0,0,0,0,0,0,0,-957.95,0,0,0,0,-3973.864299,0,0,7.452102665,31.57451518
7,3,hwfet,1529000,27387.9459,113910.5,1529000,27387.9459,0,0,0,0,0,0,0,0,0,0,0,0,24704.57223,4141.135236,2206.063691,0,5323.335338,129029.6442,124888.509,2146.519612,33.63973978,7238.939559,739.799157,0,951.284711,7238.939559,7238.939559,7868.412564,0,0,0,535.15,0,0,0,8403.562564,56.39974875,27963.86194,27963.86194,0,0,0,0,0,0,0,0,0,0,0,0,0,15552.18285,0,0,0,0,4141.135236,0,2206.063691,0,2146.519612,0,0,0,0,0,0,0,-535.15,0,0,-535.15,0,0,0,0,0,0,0,0,-2206.063691,0,-1182.200102,0,0,0,-33.63973978,-951.284711,0,0,0,0,0,0,0,0,0,0,0,-26852.7959,0,0,0,0,0,0,0,0,0,0,0,0,0,0,0,0,0,0,0,0,-535.15,0,0,0,0,-2206.063691,0,0,10.25905374,44.50365706
8,3,us06,1199000,25905.25031,89325.5,1199000,25905.25031,0,0,0,0,0,0,0,0,0,0,0,0,23446.75228,4808.337029,5368.632988,0,8658.387544,100758.4617,95666.39463,1675.464249,81.86500572,10042.0019,522.1108457,0,3270.144026,10042.0019,9750.819614,10598.71697,0,0,0,419.65,0,0,0,11018.36697,73.94877162,32937.44576,32937.44576,0,0,0,0,0,0,0,0,0,0,0,0,0,11507.86216,0,0,0,0,4805.627234,0,5086.222144,0,1675.048355,0,0,0,0,0,0,0,-419.65,0,0,-419.65,0,0,0,0,0,0,0,0,-5084.902926,0,-3566.320453,0,0,0,-77.53847358,-3270.144026,0,0,0,0,0,0,0,0,0,0,0,-25485.60031,0,0,0,0,0,0,0,0,0,0,0,0,0,0,0,0,0,0,0,0,-419.65,0,0,0,0,-5086.222144,0,0,8.005708868,29.48509254
9,4,udds,2737000,34063.15062,162851.5,2737000,34063.15062,0,0,0,0,0,0,0,0,0,0,0,0,30456.78457,1292.288085,3497.933411,0,4330.772733,99540.8909,98248.60281,1568.544475,60.59651019,5486.865241,1013.471787,0,2626.032681,5486.865241,5486.865241,5963.983958,0,0,0,957.95,0,0,0,6921.933958,58.16751225,25916.29838,25916.29838,0,0,0,0,0,0,0,0,0,0,0,0,0,27242.03504,0,0,0,0,1292.288085,0,3497.933411,0,1568.544475,0,0,0,0,0,0,0,-957.95,0,0,-957.95,0,0,0,0,0,0,0,0,-3497.933411,0,-3038.484648,0,0,0,-60.59651019,-2626.032681,0,0,0,0,0,0,0,0,0,0,0,-33105.20062,0,0,0,0,0,0,0,0,0,0,0,0,0,0,0,0,0,0,0,0,-957.95,0,0,0,0,-3497.933411,0,0,7.452102665,34.88103685
10,4,hwfet,1529000,23452.13298,90975.5,1529000,23452.13298,0,0,0,0,0,0,0,0,0,0,0,0,21083.62434,4199.547686,1941.853901,0,5177.10186,113576.3754,109376.8277,2159.361296,33.63973978,7134.691675,739.799157,0,775.782694,7134.691675,7134.691675,7755.099647,0,0,0,535.15,0,0,0,8290.249647,69.66596342,26107.65139,26107.65139,0,0,0,0,0,0,0,0,0,0,0,0,0,11095.60017,0,0,0,0,4199.547686,0,1941.853901,0,2159.361296,0,0,0,0,0,0,0,-535.15,0,0,-535.15,0,0,0,0,0,0,0,0,-1941.853901,0,-977.554174,0,0,0,-33.63973978,-775.782694,0,0,0,0,0,0,0,0,0,0,0,-22916.98298,0,0,0,0,0,0,0,0,0,0,0,0,0,0,0,0,0,0,0,0,-535.15,0,0,0,0,-1941.853901,0,0,10.25905374,47.66761096
11,4,us06,1199000,22421.1668,71340.5,1199000,22421.1668,0,0,0,0,0,0,0,0,0,0,0,0,20241.39546,4875.038141,4795.160962,0,8237.137622,88676.57036,83457.04217,1685.32703,83.0690542,9658.009124,522.1108438,0,2747.186122,9658.009124,9303.162792,10112.13347,0,0,0,419.65,0,0,0,10531.78347,88.50238209,31139.88694,31139.88694,0,0,0,0,0,0,0,0,0,0,0,0,0,9047.038592,0,0,0,0,4871.228808,0,4453.626666,0,1684.747862,0,0,0,0,0,0,0,-419.65,0,0,-419.65,0,0,0,0,0,0,0,0,-4450.670909,0,-3017.609429,0,0,0,-77.10127479,-2747.186122,0,0,0,0,0,0,0,0,0,0,0,-22001.5168,0,0,0,0,0,0,0,0,0,0,0,0,0,0,0,0,0,0,0,0,-419.65,0,0,0,0,-4453.626666,0,0,8.004181095,31.1811121
12,5,udds,2737000,36099.50898,171062.5,2737000,36099.50898,0,0,0,0,0,0,0,0,0,0,0,0,32330.23426,1716.160469,3973.863661,0,5102.428251,113084.4652,111368.3047,1336.470958,60.59651019,6101.294926,1013.471787,0,3048.663499,6101.294926,6101.294926,6631.842311,0,0,0,957.95,0,0,0,7589.792311,60.71833849,27836.59209,27836.59209,0,0,0,0,0,0,0,0,0,0,0,0,0,28349.69277,0,0,0,0,1716.160469,0,3973.863661,0,1336.470958,0,0,0,0,0,0,0,-957.95,0,0,-957.95,0,0,0,0,0,0,0,0,-3973.863661,0,-3386.267782,0,0,0,-60.59651019,-3048.663499,0,0,0,0,0,0,0,0,0,0,0,-35141.55898,0,0,0,0,0,0,0,0,0,0,0,0,0,0,0,0,0,0,0,0,-957.95,0,0,0,0,-3973.863661,0,0,7.452102665,32.47503767
13,5,hwfet,1529000,25479.73142,95562.5,1529000,25479.73142,0,0,0,0,0,0,0,0,0,0,0,0,22949.01491,5577.005475,2206.063337,0,6611.436754,129029.6235,123452.618,1839.873658,33.63973978,8296.742243,739.799157,0,879.8631103,8296.742243,8296.742243,9018.19809,0,0,0,535.15,0,0,0,9553.34809,76.42678472,29445.04568,29445.04568,0,0,0,0,0,0,0,0,0,0,0,0,0,10905.16779,0,0,0,0,5577.005475,0,2206.063337,0,1839.873658,0,0,0,0,0,0,0,-535.15,0,0,-535.15,0,0,0,0,0,0,0,0,-2206.063337,0,-1034.431279,0,0,0,-33.63973978,-879.8631103,0,0,0,0,0,0,0,0,0,0,0,-24944.58142,0,0,0,0,0,0,0,0,0,0,0,0,0,0,0,0,0,0,0,0,-535.15,0,0,0,0,-2206.063337,0,0,10.25905374,42.26534879
14,5,us06,1199000,24822.13356,74937.5,1199000,24822.13356,0,0,0,0,0,0,0,0,0,0,0,0,22450.28487,6472.710726,5517.872069,0,10231.40177,100726.4577,93764.35605,1435.84647,84.14073043,11464.31645,522.1108422,0,3058.905682,11464.31645,10960.51221,11913.60022,0,0,0,419.65,0,0,0,12333.25022,98.66600179,36219.95011,36219.95011,0,0,0,0,0,0,0,0,0,0,0,0,0,9707.949749,0,0,0,0,6466.382047,0,5034.429141,0,1435.224477,0,0,0,0,0,0,0,-419.65,0,0,-419.65,0,0,0,0,0,0,0,0,-5028.481109,0,-3269.300085,0,0,0,-76.67812305,-3058.905682,0,0,0,0,0,0,0,0,0,0,0,-24402.48356,0,0,0,0,0,0,0,0,0,0,0,0,0,0,0,0,0,0,0,0,-419.65,0,0,0,0,-5034.429141,0,0,8.002747896,26.80332787
15,6,udds,2737000,56331.29192,280542.5,2737000,56331.29192,0,0,0,0,0,0,0,0,0,0,0,0,50943.47456,1912.762959,5044.709046,0,6281.032956,143557.5735,141644.8106,2262.150125,60.59651019,7927.601896,1013.471787,0,3752.688812,7927.601896,7927.601896,8616.958583,0,0,0,957.95,0,0,0,9574.908583,46.70687114,37154.06376,37154.06376,0,0,0,0,0,0,0,0,0,0,0,0,0,48254.26182,0,0,0,0,1912.762959,0,5044.709046,0,2262.150125,0,0,0,0,0,0,0,-957.95,0,0,-957.95,0,0,0,0,0,0,0,0,-5044.709046,0,-4368.269996,0,0,0,-60.59651019,-3752.688812,0,0,0,0,0,0,0,0,0,0,0,-55373.34192,0,0,0,0,0,0,0,0,0,0,0,0,0,0,0,0,0,0,0,0,-957.95,0,0,0,0,-5044.709046,0,0,7.452102665,24.33147193
16,6,hwfet,1529000,37991.14192,156722.5,1529000,37991.14192,0,0,0,0,0,0,0,0,0,0,0,0,34459.51257,6215.904451,2800.535857,0,7609.650312,163799.5071,157583.6026,3114.224367,33.63973978,10429.37323,739.799157,0,1099.244414,10429.37323,10429.37323,11336.27525,0,0,0,535.15,0,0,0,11871.42525,57.90939148,39178.02869,39178.02869,0,0,0,0,0,0,0,0,0,0,0,0,0,20918.09309,0,0,0,0,6215.904451,0,2800.535857,0,3114.224367,0,0,0,0,0,0,0,-535.15,0,0,-535.15,0,0,0,0,0,0,0,0,-2800.535857,0,-1393.745861,0,0,0,-33.63973978,-1099.244414,0,0,0,0,0,0,0,0,0,0,0,-37455.99192,0,0,0,0,0,0,0,0,0,0,0,0,0,0,0,0,0,0,0,0,-535.15,0,0,0,0,-2800.535857,0,0,10.25905374,31.76599673
17,6,us06,1199000,35634.35767,122897.5,1199000,35634.35767,0,0,0,0,0,0,0,0,0,0,0,0,32397.53106,7218.113705,6764.902867,0,11841.17269,127919.863,120402.2279,2430.914222,81.25929598,13860.89269,522.1108467,0,3908.745622,13860.89269,13553.89173,14732.49101,0,0,0,419.65,0,0,0,15152.14101,73.91288296,44874.49706,44874.49706,0,0,0,0,0,0,0,0,0,0,0,0,0,15189.14888,0,0,0,0,7214.726508,0,6465.381542,0,2430.419596,0,0,0,0,0,0,0,-419.65,0,0,-419.65,0,0,0,0,0,0,0,0,-6465.381542,0,-4323.537661,0,0,0,-77.66147758,-3908.745622,0,0,0,0,0,0,0,0,0,0,0,-35214.70767,0,0,0,0,0,0,0,0,0,0,0,0,0,0,0,0,0,0,0,0,-419.65,0,0,0,0,-6465.381542,0,0,8.006425458,21.64418461
18,7,udds,2737000,39190.06159,184747.5,2737000,39190.06159,0,0,0,0,0,0,0,0,0,0,0,0,35173.54266,1213.293901,4092.846608,0,4854.622319,116470.3697,115257.0758,2752.973477,60.59651019,6846.236658,1013.471787,0,2879.969281,6846.236658,6846.236658,7441.561585,0,0,0,957.95,0,0,0,8399.511585,62.21860433,26026.48547,26026.48547,0,0,0,0,0,0,0,0,0,0,0,0,0,30331.32101,0,0,0,0,1213.293901,0,4092.846608,0,2752.973477,0,0,0,0,0,0,0,-957.95,0,0,-957.95,0,0,0,0,0,0,0,0,-4092.846608,0,-3641.328418,0,0,0,-60.59651019,-2879.969281,0,0,0,0,0,0,0,0,0,0,0,-38232.11159,0,0,0,0,0,0,0,0,0,0,0,0,0,0,0,0,0,0,0,0,-957.95,0,0,0,0,-4092.846608,0,0,7.452102665,34.73393523
19,7,hwfet,1529000,27072.58603,103207.5,1529000,27072.58603,0,0,0,0,0,0,0,0,0,0,0,0,24414.44115,3942.840342,2272.115909,0,5201.655254,132892.948,128950.1077,3789.924014,33.63973978,8589.935146,739.799157,0,857.1707904,8589.935146,8589.935146,9336.886029,0,0,0,535.15,0,0,0,9872.036029,73.1261928,26207.60993,26207.60993,0,0,0,0,0,0,0,0,0,0,0,0,0,12115.78798,0,0,0,0,3942.840342,0,2272.115909,0,3789.924014,0,0,0,0,0,0,0,-535.15,0,0,-535.15,0,0,0,0,0,0,0,0,-2272.115909,0,-1258.814912,0,0,0,-33.63973978,-857.1707904,0,0,0,0,0,0,0,0,0,0,0,-26537.43603,0,0,0,0,0,0,0,0,0,0,0,0,0,0,0,0,0,0,0,0,-535.15,0,0,0,0,-2272.115909,0,0,10.25905374,47.48657687
20,7,us06,1199000,25550.54684,80932.5,1199000,25550.54684,0,0,0,0,0,0,0,0,0,0,0,0,23120.42509,4576.747597,5638.421277,0,8759.295385,103752.2056,98738.94305,2957.839049,83.47946676,11159.35886,522.110843,0,3181.794413,11159.35886,10711.41909,11642.84684,0,0,0,419.65,0,0,0,12062.49684,89.35182845,30591.33482,30591.33482,0,0,0,0,0,0,0,0,0,0,0,0,0,10389.32945,0,0,0,0,4572.903195,0,5206.014383,0,2956.721486,0,0,0,0,0,0,0,-419.65,0,0,-419.65,0,0,0,0,0,0,0,0,-5201.906288,0,-3746.032799,0,0,0,-77.01665797,-3181.794413,0,0,0,0,0,0,0,0,0,0,0,-25130.89684,0,0,0,0,0,0,0,0,0,0,0,0,0,0,0,0,0,0,0,0,-419.65,0,0,0,0,-5206.014383,0,0,8.003633982,31.73844928
21,8,udds,2737000,32872.45943,153272,2737000,32872.45943,0,0,0,0,0,0,0,0,0,0,0,0,29361.34867,1597.503636,3370.382421,0,4435.816936,95911.16509,94313.66145,1889.185022,60.59651019,5860.286007,1013.471787,0,2373.597349,5860.286007,5860.286007,6369.876094,0,0,0,957.95,0,0,0,7327.826094,65.4270187,22608.59627,22608.59627,0,0,0,0,0,0,0,0,0,0,0,0,0,25002.70121,0,0,0,0,1597.503636,0,3370.382421,0,1889.185022,0,0,0,0,0,0,0,-957.95,0,0,-957.95,0,0,0,0,0,0,0,0,-3370.382421,0,-2838.313299,0,0,0,-60.59651019,-2373.597349,0,0,0,0,0,0,0,0,0,0,0,-31914.50943,0,0,0,0,0,0,0,0,0,0,0,0,0,0,0,0,0,0,0,0,-957.95,0,0,0,0,-3370.382421,0,0,7.452102665,39.98449225
22,8,hwfet,1529000,23974.58025,85624,1529000,23974.58025,0,0,0,0,0,0,0,0,0,0,0,0,21564.27583,5191.40645,1871.044838,0,6031.620939,109434.8503,104243.4438,2600.776121,33.63973978,8435.906501,739.799157,0,643.7239295,8435.906501,8435.906501,9169.463588,0,0,0,535.15,0,0,0,9704.613588,86.64833561,24910.75338,24910.75338,0,0,0,0,0,0,0,0,0,0,0,0,0,8801.299623,0,0,0,0,5191.40645,0,1871.044838,0,2600.776121,0,0,0,0,0,0,0,-535.15,0,0,-535.15,0,0,0,0,0,0,0,0,-1871.044838,0,-840.2144891,0,0,0,-33.63973978,-643.7239295,0,0,0,0,0,0,0,0,0,0,0,-23439.43025,0,0,0,0,0,0,0,0,0,0,0,0,0,0,0,0,0,0,0,0,-535.15,0,0,0,0,-1871.044838,0,0,10.25905374,49.95869121
23,8,us06,1199000,22969.78083,67144,1199000,22969.78083,0,0,0,0,0,0,0,0,0,0,0,0,20746.12036,6025.383172,4668.543561,0,9119.487309,85433.10284,79008.05432,2029.703134,83.93630519,10864.74689,522.1108431,0,2402.809607,10864.74689,10451.35103,11360.16416,0,0,0,419.65,0,0,0,11779.81416,105.1769122,29659.89456,29659.89456,0,0,0,0,0,0,0,0,0,0,0,0,0,8514.841441,0,0,0,0,6019.672885,0,4278.931217,0,2028.868539,0,0,0,0,0,0,0,-419.65,0,0,-419.65,0,0,0,0,0,0,0,0,-4268.878219,0,-2694.438795,0,0,0,-76.75067402,-2402.809607,0,0,0,0,0,0,0,0,0,0,0,-22550.13083,0,0,0,0,0,0,0,0,0,0,0,0,0,0,0,0,0,0,0,0,-419.65,0,0,0,0,-4278.931217,0,0,8.0031,32.7330099
24,9,udds,2737000,37879.29535,192958.5,2737000,37879.29535,368319.5548,47897.5,47213.25,1621170.886,47897.5,47213.25,43586.725,17561.72777,17470.39033,1368.5,47897.5,47897.5,50782.56986,1523.476153,4092.8462,0,5075.514554,116470.3581,114946.882,1605.901035,60.59651019,6253.029937,1013.471787,2956.631587,167.0211621,6253.029937,6253.029937,6582.136775,41.42621381,1820.572093,2160.843514,684.25,0,50.00701653,2504.751304,5722.365348,40.5841514,15637.69479,15637.69479,0,47897.5,478.3718199,30292.51373,0,375.8091233,8193.069013,3573.80294,3573.80294,0,0,0,19473.24892,24324.21156,0,0,0,0,1523.476153,77.46042381,4092.8462,0,1605.901035,0,0,0,0,0,0,0,0,0,0,0,0,0,0,0,0,0,0,0,-4092.8462,0,-3552.038401,0,0,0,-60.59651019,-3123.652749,0,0,0,-2956.631587,-2956.631587,-2808.800008,-33364.89624,-3769.600674,-2922.155705,0,0,-38006.36456,-2581.813494,0,0,0,0,0,0,0,0,-478.3718199,-26042.33384,0,-2072.149598,0,0,0,-478.3718199,0,0,0,-1162.62182,-2327.26501,-1919.760051,0,0,-4092.8462,0,0,7.452102665,57.79700384
25,9,hwfet,1529000,26802.59962,107794.5,1529000,26802.59962,90473.16781,25972.22902,25589.97902,1024502.979,26757.5,25589.97902,23629.375,9397.991875,9307.564829,764.5,26757.5,26757.5,34280.3665,4950.839388,2272.115683,0,6090.870071,132892.9348,127942.0954,2210.788788,33.63973978,8091.288808,739.799157,864.0415367,65.61909572,8091.288808,8091.288808,8517.146114,4.047711677,784.036956,911.7784477,382.25,0,4.025599382,996.8339448,8836.849617,62.67269232,22761.78476,22761.78476,0,26757.5,441.5211468,11537.46149,0,331.9815916,9827.594687,1481.723536,1481.723536,0,0,0,10410.91192,8357.124747,0,0,0,0,4950.839388,30.83381124,2272.115683,0,2210.788788,0,0,0,0,0,0,0,0,0,0,0,0,0,0,0,0,0,0,0,-2272.115683,0,-1140.030683,0,0,0,-33.63973978,-929.6606324,0,0,0,-864.0415367,-864.0415367,-820.8394599,-18817.52516,-1924.579919,-1325.116096,0,0,-26837.71286,-1027.921593,0,0,0,0,0,0,0,0,-441.5211468,-9240.724489,0,-456.9652451,0,0,0,-441.5211468,0,0,0,-823.7711468,-1613.166189,-257.5548313,0,0,-2272.115683,0,0,10.25905374,54.68061547
26,9,us06,1199000,23823.44103,84529.5,1199000,23823.44103,438318.4901,20982.5,20682.75,424653.3054,20982.5,20682.75,19094.075,9976.959215,9359.739289,599.5,20982.5,20982.5,31252.99582,5750.887362,5349.371569,0,9362.544765,103808.0022,97973.03688,1725.946365,79.1999584,10808.25922,522.1108467,2690.702752,555.3999318,10808.25922,10721.81479,11286.12083,457.2055648,1867.413122,2095.89495,299.75,0,32.75159261,2200.192102,9735.191034,69.04390804,24894.34922,24894.34922,2607.712836,16127.41308,0,20982.5,2607.712836,4086.082672,12459.04394,492.0678773,492.0678773,0,0,2089.707341,10339.80264,11886.62299,0,2036.044093,1854.331054,30.56836262,5749.877226,68.05107383,5265.293575,0,1725.834879,0,0,0,0,0,0,0,0,0,0,0,0,0,0,0,0,0,0,0,-5265.293575,0,-3527.57941,0,0,0,-77.95514422,-3246.102684,0,0,0,-2690.702752,-2690.702752,-2556.167614,-13236.64692,-2863.921092,-2463.94986,0,0,-23924.49754,-2268.497012,0,0,0,0,0,0,0,0,0,-8583.784157,0,-2094.87634,0,0,0,0,0,0,0,-246.0867525,-573.2823396,-1542.968007,0,0,-5265.293575,0,0,8.008649613,39.02931394
27,10,udds,2737000,32768.69511,162851.5,2737000,32768.69511,1749108.143,64319.5,51832.96593,197677.4956,62987.47772,63635.25,47897.5,16707.39537,16681.16488,1363.532786,47771.80391,47771.80391,46373.75637,1292.288085,3973.864368,0,4794.339711,113084.4853,111792.1973,1781.961595,60.59651019,6084.981118,1013.471787,2849.877615,160.8538231,6084.981118,6084.981118,6405.243282,67.28158964,1402.05074,1788.891873,684.25,0,6.897219169,2053.841741,5626.778441,47.28385244,15429.64322,15429.64322,1956.828336,34273.73721,0,64319.5,1956.828336,563.4221589,8018.085425,138.2568005,138.2568005,0,0,1919.903874,18702.58487,20476.75916,0,1786.818381,1401.160675,0,1292.288085,63.52477401,3973.864368,0,1781.961595,0,0,0,0,0,0,0,0,0,0,0,0,0,0,0,0,0,0,0,-3973.864368,0,-3502.051626,0,0,0,-60.59651019,-3010.731438,0,0,0,-2849.877615,-2849.877615,-2707.383735,-28828.8654,-3330.969633,-2536.920484,0,0,-32839.37094,-2117.620352,0,0,0,0,0,0,0,0,0,-21906.63467,0,0,0,0,0,0,0,0,0,-551.1645079,-1283.989794,-28.6201749,0,0,-3973.864368,0,0,7.452102665,58.59429687
28,10,hwfet,1529000,23387.59526,90975.5,1529000,23387.59526,707715.7285,35931.5,28956.01202,388170.4424,35931.5,35549.25,26757.5,8544.524848,8511.46565,764.5,26757.5,26757.5,30294.67827,4199.547686,2206.06373,0,5374.553855,129029.6465,124830.0988,2453.165313,33.63973978,7569.95915,739.799157,858.3633478,58.8828038,7569.95915,7569.95915,7968.378053,0,391.5353951,565.9739817,382.25,0,0,629.2190788,8225.011931,69.11774732,21200.39616,21200.39616,626.4739817,24375.84558,0,35931.5,626.4739817,546.2674591,9292.005632,2.738578237,2.738578237,0,0,626.4739817,9643.334768,6851.572073,0,565.9739817,391.5353951,0,4199.547686,19.4642793,2206.06373,0,2453.165313,0,0,0,0,0,0,0,0,0,0,0,0,0,0,0,0,0,0,0,-2206.06373,0,-1175.006169,0,0,0,-33.63973978,-917.2461516,0,0,0,-858.3633478,-858.3633478,-815.4451804,-16065.17303,-1463.614453,-967.9420975,0,0,-23407.31338,-648.9371946,0,0,0,0,0,0,0,0,0,-7560.727156,0,0,0,0,0,0,0,0,0,-321.75,-749.5470233,0,0,0,-2206.06373,0,0,10.25905374,58.70778972
29,10,us06,1199000,20923.41991,71340.5,1199000,20923.41991,447412.4857,28176.5,22706.51303,415278.0522,28176.5,27876.75,20982.5,10034.99998,9641.26118,599.5,20982.5,20982.5,28922.17096,4877.998325,5211.211692,0,8536.574464,100786.8753,95807.44012,1915.130758,79.46452449,10108.92107,522.1108467,2696.590939,516.217435,10108.92107,10004.74987,10531.31565,661.1789539,1885.795614,2113.013456,299.75,0,63.22127312,2199.603708,9033.336577,75.91039141,23194.53742,23194.53742,2517.745176,21726.15355,0,28176.5,2517.745176,4382.068117,11654.71648,24.54099971,24.54099971,0,0,1917.118308,10658.4703,11305.29419,0,1869.583377,1693.180686,0,4876.971604,68.03287609,5109.774865,0,1914.96989,0,0,0,0,0,0,0,0,0,0,0,0,0,0,0,0,0,0,0,-5109.774865,0,-3557.139312,0,0,0,-77.9177385,-3212.808374,0,0,0,-2696.590939,-2696.590939,-2561.761392,-12009.16576,-2903.579369,-2481.050169,0,0,-21054.9279,-2267.890421,0,0,0,0,0,0,0,0,0,-7670.512442,0,0,0,0,0,0,0,0,0,-252.2150697,-587.5588336,-7.152554047,0,0,-5109.774865,0,0,8.008338824,41.88795183
30,11,udds,2737000,45400.92258,235382,2737000,45400.92258,3648207.584,50634.5,49950.25,240724.7878,50277.62308,49950.25,47131.14,48191.90023,44316.20584,414.3241713,53209.6904,53209.6904,77345.23146,2047.699531,5044.709622,0,6379.572831,143557.5899,141509.8904,1979.381585,60.59651019,7830.352452,1013.471787,3590.033017,213.2383184,7830.352452,7830.352452,8242.476265,59.80787694,2388.588206,2623.16801,684.25,0,6.273333333,2904.752101,6170.589247,35.87551888,17532.16805,17532.16805,2782.97641,28887.2292,0,50634.5,2782.97641,408.3501645,9344.827469,138.1847337,138.1847337,0,0,2772.225983,46991.23528,29524.83913,0,2621.917927,2387.525636,0,2047.699531,89.84158927,5044.709622,0,1979.381585,0,0,0,0,0,0,0,0,0,0,0,0,0,0,0,0,0,0,0,-5044.709622,0,-4331.8733,0,0,0,-60.59651019,-3803.271336,0,0,0,-3590.033017,-3590.033017,-3410.531367,-39194.48129,-3721.937021,-3397.513436,0,0,-45497.29134,-2994.847527,0,0,0,0,0,0,0,0,0,-31104.54067,0,0,0,0,0,0,0,0,0,-533.9419439,-628.1669928,-41.3579299,0,0,-5044.709622,0,0,7.452102665,51.56744408
31,11,hwfet,1529000,32606.63185,131494,1529000,32606.63185,1690585.087,28286.5,27904.25,492677.3488,28286.5,27904.25,26329.38,25464.9917,24447.42713,233.0792683,29932.80423,29932.80423,53997.2334,6654.407735,2800.536176,0,8005.720263,163799.5257,157145.118,2724.946632,33.63973978,10484.23224,739.799157,1005.405145,99.47273265,10484.23224,10484.23224,11036.03394,0,673.2752839,752.2570546,382.25,0,0,815.914337,10690.96519,62.15677433,27759.90268,27759.90268,813.1768636,20672.28678,0,28286.5,813.1768636,368.7420137,12234.88858,2.735262789,2.735262789,0,0,813.1768636,25929.8023,9686.182045,0,752.2570546,673.2752839,0,6654.407735,25.23835945,2800.536176,0,2724.946632,0,0,0,0,0,0,0,0,0,0,0,0,0,0,0,0,0,0,0,-2800.536176,0,-1351.312528,0,0,0,-33.63973978,-1104.877877,0,0,0,-1005.405145,-1005.405145,-955.1348875,-22092.713,-1283.341416,-1159.999251,0,0,-32632.12405,-841.406533,0,0,0,0,0,0,0,0,0,-10075.6786,0,0,0,0,0,0,0,0,0,-321.330191,-378.0355188,0,0,0,-2800.536176,0,0,10.25905374,44.83547418
32,11,us06,1199000,29562.35907,103114,1199000,29562.35907,1184692.117,22181.5,21881.75,531723.9953,22181.5,21881.75,20646.78,23867.62276,19496.56499,182.7743902,23472.48677,23472.48677,45005.40165,7730.039262,6555.140733,0,12029.37022,127955.541,120148.6086,2127.395546,78.73964649,13805.41388,522.1108467,3061.806717,808.3555259,13805.41388,13726.39707,14448.83902,597.4253011,2338.604739,2501.704228,299.75,0,18.77559264,2583.402347,12376.69241,71.95751399,31654.76666,31654.76666,2420.645292,17645.19966,0,22181.5,2420.645292,5564.727903,15530.33627,24.60461372,24.60461372,0,0,2330.822265,20672.48882,14506.5676,0,2284.822265,2141.561422,0,7728.926718,79.90293708,6478.247535,0,2127.308108,0,0,0,0,0,0,0,0,0,0,0,0,0,0,0,0,0,0,0,-6478.247535,0,-4222.437757,0,0,0,-77.81601365,-3870.162243,0,0,0,-3061.806717,-3061.806717,-2908.716381,-15385.5959,-3094.393016,-2881.611002,0,0,-29661.29144,-2663.559121,0,0,0,0,0,0,0,0,0,-9710.608088,0,0,0,0,0,0,0,0,0,-253.75,-298.5294118,-10.33605154,0,0,-6478.247535,0,0,8.00902592,30.69537789
33,12,udds,2737000,16193.91667,97163.5,2737000,16193.91667,24033117.8,82110,78264.06762,3836199.161,80763.58778,81699.45,72530.5,32384.94675,32378.33278,1346.606889,71396.00676,71396.00676,45928.6708,1099.201703,3735.897253,0,4425.407571,106312.6416,105213.4399,1256.439226,60.59651019,5333.688065,1013.471787,2822.014875,156.0322614,5333.688065,5333.688065,5442.538842,828.8158118,5442.538842,6497.115838,410.55,0,1145.088033,6803.000451,0,0,0,0,0,80449.32149,0,82110,0,1269.870065,6719.715838,5746.847197,5746.847197,0,14063.62347,13934.00888,34647.20756,13258.73874,0,13581.08563,11729.4732,0,1099.201703,138.1704389,3735.897253,0,1256.439226,0,0,0,0,0,0,0,0,0,0,0,0,0,0,0,0,0,0,0,-3735.897253,0,-3326.205869,0,0,0,-60.59651019,-2978.047136,0,0,0,-2822.014875,-2822.014875,-2765.574577,-14189.70109,-2765.574577,-2339.01628,0,0,-12770.35514,-2234.350892,0,0,0,0,0,0,0,0,0,-14063.62347,0,-2659.332932,0,0,0,0,0,0,0,-57.62674968,-93.15783986,0,0,0,-3735.897253,0,0,7.452102665,inf
34,12,hwfet,1529000,9046.583333,54279.5,1529000,9046.583333,12709725.84,45870,43721.50508,2881362.15,45503.64811,45640.65,40518.5,20794.93865,20781.38494,758.689587,40217.10631,40217.10631,29198.54076,3572.075004,2073.957907,0,4724.722308,121302.9578,117730.8828,1729.696721,33.63973978,6252.779122,739.799157,926.9235975,24.0837993,6252.779122,6252.779122,6380.386859,797.5011652,6380.386859,7447.086598,229.35,0,1224.139612,7648.495904,0,0,0,0,10.19411416,45118.24415,0,45870,10.19411416,1377.941837,7645.686598,6549.763021,6549.763021,0,4109.012784,4035.833244,22108.5504,4576.076743,0,3888.257942,3233.301217,0,3572.075004,128.7693856,2073.957907,0,1729.696721,0,0,0,0,0,0,0,0,0,0,0,0,0,0,0,0,0,0,0,-2073.957907,0,-1152.647304,0,0,0,-33.63973978,-951.0073968,0,0,0,-926.9235975,-926.9235975,-908.3851255,-4332.91528,-908.3851255,-781.8204568,0,0,-3376.106804,-753.8797626,0,0,0,0,0,0,0,0,0,-4109.012784,0,-880.2343684,0,0,0,0,0,0,0,-81.77469805,-132.194758,0,0,0,-2073.957907,0,0,10.25905374,inf
35,12,us06,1199000,11235.09445,42564.5,1199000,11225.83791,11177728.34,35970,34285.20902,1010919.662,35297.68058,35790.15,31773.5,18313.24277,17872.85664,588.7222216,31210.20075,31210.20075,28176.97187,4149.248829,4888.421422,0,7666.805065,94752.71203,90517.30825,1350.345643,79.29053141,8767.193446,522.1108467,3033.694707,146.3518758,8767.193446,8678.756497,8855.873976,2557.71035,4731.959075,5256.393385,179.85,0,1540.628538,5384.042054,4142.431113,58.34410019,10682.00424,10682.00424,739.8615168,31771.25333,0,35970,739.8615168,5555.673652,9735.48116,4463.096268,4463.096268,0,6057.281079,6251.588385,19147.96805,10677.06363,0,6152.607088,5574.924724,1208.581656,4148.46722,123.2718858,4802.266469,0,1350.242694,0,0,0,0,0,0,0,0,0,0,0,0,0,0,0,0,0,0,0,-4802.266469,0,-3431.401283,0,0,0,-77.89309215,-3180.046583,0,0,0,-3033.694707,-3033.694707,-2973.020813,-7663.919762,-2991.537025,-2741.555319,0,0,-10071.77838,-2689.353987,0,0,0,0,0,0,0,0,0,-6057.281079,0,-2928.761755,0,0,0,0,0,0,0,-80.86870323,-130.7301513,-1610.107212,0,0,-4802.266469,0,0,8.008463098,90.93491414
36,13,udds,2737000,17106.25,102637.5,2737000,17106.25,63316399.56,157377.5,156966.95,3755782.238,154439.0159,156966.95,145827.36,59484.43184,59484.43184,1343.383321,149161.2222,149161.2222,66821.90843,1213.293901,3973.863713,0,4738.368231,113084.4667,111871.1728,1559.216139,60.59651019,5862.352812,1013.471787,2926.468547,163.3742261,5862.352812,5862.352812,5981.992665,938.9296455,5981.992665,6552.989772,410.55,0,1205.712172,6859.557183,0,0,0,0,0,152894.6058,0,157377.5,0,574.3622872,6778.589772,6288.168796,6288.168796,0,19590.46331,19582.70937,62713.95036,18735.50795,0,19204.98382,17799.33941,0,1213.293901,143.3663783,3973.863713,0,1559.216139,0,0,0,0,0,0,0,0,0,0,0,0,0,0,0,0,0,0,0,-3973.863713,0,-3525.07433,0,0,0,-60.59651019,-3089.842773,0,0,0,-2926.468547,-2926.468547,-2867.939176,-14744.82952,-2867.939176,-2624.687028,0,0,-13973.10943,-2520.704439,0,0,0,0,0,0,0,0,0,-19590.46331,0,-2763.565306,0,0,0,0,0,0,0,-32.82445037,-38.61700043,0,0,0,-3973.863713,0,0,7.452102665,inf
37,13,hwfet,1529000,9556.25,57337.5,1529000,9556.25,34496878.64,87917.5,87688.15,2999420.468,87040.32347,87688.15,81465.12,36409.96687,36409.96687,756.995231,84040.56209,84040.56209,44814.56603,3942.840342,2206.063366,0,5149.937727,129029.6252,125086.7848,2146.519295,33.63973978,7056.152055,739.799157,942.1548124,24.63760559,7056.152055,7056.152055,7200.155158,986.3164616,7200.155158,7839.49311,229.35,0,1365.184743,8041.680124,0,0,0,0,20.67244858,85928.31056,0,87917.5,20.67244858,501.7213488,8039.29311,7359.217751,7359.217751,0,6409.38508,6388.025562,38345.96811,6386.768138,0,6196.603461,5672.044006,0,3942.840342,135.8554962,2206.063366,0,2146.519295,0,0,0,0,0,0,0,0,0,0,0,0,0,0,0,0,0,0,0,-2206.063366,0,-1207.097386,0,0,0,-33.63973978,-966.792418,0,0,0,-942.1548124,-942.1548124,-923.3117161,-4224.082209,-923.3117161,-850.6619953,0,0,-3703.253629,-823.4990093,0,0,0,0,0,0,0,0,0,-6409.38508,0,-896.0670266,0,0,0,0,0,0,0,-37.92789925,-44.62105794,0,0,0,-2206.063366,0,0,10.25905374,inf
38,13,us06,1199000,8269.265774,44962.5,1199000,8269.265774,26857567.34,68942.5,68762.65,2552003.539,67617.18116,68762.65,63882.72,34315.16611,34307.58908,588.0637943,65283.65258,65283.65258,39735.91722,4580.605253,5141.61705,0,8227.720093,100799.213,96198.3582,1675.858774,78.40330531,9587.397032,522.1108467,3205.309786,105.0648784,9587.397032,9566.581691,9761.818052,4949.394789,8985.712522,9561.262207,179.85,0,5160.159466,9696.416782,777.0157737,10.36021032,2243.98025,2243.98025,75.17132239,66776.10949,0,68942.5,75.17132239,4642.674219,10508.62302,9245.930238,9245.930238,0,7582.402147,7490.844028,36218.3664,11592.86875,0,7390.746794,6931.447084,474.0504559,4580.369374,192.803051,5121.36749,0,1675.837653,0,0,0,0,0,0,0,0,0,0,0,0,0,0,0,0,0,0,0,-5121.36749,0,-3626.865281,0,0,0,-78.09452455,-3310.374664,0,0,0,-3205.309786,-3205.309786,-3141.20359,-6498.420494,-3149.45359,-2955.876974,0,0,-6644.190007,-2911.181549,0,0,0,0,0,0,0,0,0,-7582.402147,0,-3098.132501,0,0,0,0,0,0,0,-79.75276659,-93.82678423,-604.5251746,0,0,-5121.36749,0,0,8.009482413,432.1900145
39,14,udds,2737000,23948.75,143692.5,2737000,23948.75,23452478.48,93058,92647.45,4334752.308,91504.23099,92647.45,85394.4,38762.50515,38760.95332,1345.915861,87503.14705,87503.14705,57232.50175,1565.5985,3996.708758,0,5012.560125,113734.5694,112168.9709,1568.179798,60.59651019,6169.923225,1013.471787,2873.297742,162.8471852,6169.923225,6169.923225,6295.840026,458.4729124,6295.840026,7121.937981,410.55,0,632.0687003,7430.674499,0,0,0,0,0,91084.02531,0,93058,0,755.7077721,7349.337981,6603.805501,6603.805501,0,19200.42329,19035.66919,41147.4183,18206.1011,0,18661.51894,17003.75142,0,1565.5985,150.2381011,3996.708758,0,1568.179798,0,0,0,0,0,0,0,0,0,0,0,0,0,0,0,0,0,0,0,-3996.708758,0,-3446.961625,0,0,0,-60.59651019,-3036.144927,0,0,0,-2873.297742,-2873.297742,-2815.831787,-20640.57227,-2815.831787,-2497.288975,0,0,-19545.61969,-2395.475493,0,0,0,0,0,0,0,0,0,-19200.42329,0,-2713.247262,0,0,0,0,0,0,0,-36.39975105,-48.87087411,0,0,0,-3996.708758,0,0,7.452102665,inf
40,14,hwfet,1529000,13378.75,80272.5,1529000,13378.75,12036097.49,51986,51756.65,3519935.647,51556.91704,51756.65,47704.8,25719.50625,25715.55611,758.3048775,49296.53869,49296.53869,38212.79668,5087.724352,2218.745637,0,6175.781197,129771.3938,124683.6695,2158.859258,33.63973978,8138.184147,739.799157,868.4388237,23.16171359,8138.184147,8138.184147,8304.269538,465.8301546,8304.269538,9196.362887,229.35,0,710.22814,9401.452308,0,0,0,0,16.61817345,51099.57912,0,51986,16.61817345,900.8081045,9399.162887,8461.733212,8461.733212,0,5408.710875,5316.04784,27207.99984,5592.848282,0,5141.323489,4538.716911,0,5087.724352,155.4655505,2218.745637,0,2158.859258,0,0,0,0,0,0,0,0,0,0,0,0,0,0,0,0,0,0,0,-2218.745637,0,-1088.056845,0,0,0,-33.63973978,-891.6005373,0,0,0,-868.4388237,-868.4388237,-851.0700472,-6330.362658,-851.0700472,-764.5773803,0,0,-5427.842633,-740.3168008,0,0,0,0,0,0,0,0,0,-5408.710875,0,-826.720189,0,0,0,0,0,0,0,-54.62564902,-73.3412493,0,0,0,-2218.745637,0,0,10.25905374,inf
41,14,us06,1199000,16013.61726,62947.5,1199000,16013.61726,10860590.35,40766,40586.15,1294039.637,39732.651,40586.15,37408.8,21447.04805,20919.06776,584.8715539,38050.07586,38050.07586,35247.70515,5910.438098,5187.429809,0,9345.786447,101375.7725,95425.86384,1685.464739,78.64974966,10764.4633,522.1108467,3025.640014,102.8514793,10764.4633,10723.81947,10942.67293,2575.27441,5456.529922,5907.115898,179.85,0,1992.819097,6024.448387,5524.467258,52.61397388,14194.48369,14194.48369,443.7449217,38140.5744,0,40766,443.7449217,5707.110265,11844.89916,5967.565361,5967.565361,0,7030.215993,6789.830479,22280.48101,11911.37534,0,6698.749744,6209.944292,688.1281732,5909.912733,133.6185123,5147.95928,0,1685.415244,0,0,0,0,0,0,0,0,0,0,0,0,0,0,0,0,0,0,0,-5147.95928,0,-3395.87782,0,0,0,-78.05131319,-3128.491493,0,0,0,-3025.640014,-3025.640014,-2965.127213,-10294.46479,-3003.451464,-2786.199776,0,0,-14705.67023,-2723.682265,0,0,0,0,0,0,0,0,0,-7030.215993,0,-2924.155192,0,0,0,0,0,0,0,-88.76926416,-119.1830001,-1455.348647,0,0,-5147.95928,0,0,8.009213895,68.43738961
42,15,udds,2737000,5702.083333,34212.5,2737000,5702.083333,100527599.1,184747.5,184336.95,3660584.593,180830.6057,184336.95,170323.51,65892.76912,65892.76912,1340.642678,170384.3307,170384.3307,61653.70018,1324.453381,3497.932714,0,4353.859075,99540.87106,98216.41768,1372.476142,60.59651019,5370.296851,1013.471787,2530.313991,143.0533367,5370.296851,5370.296851,5479.894746,2931.43657,5479.894746,6056.635223,410.55,0,3570.383496,6365.173419,0,0,0,0,0,178892.5872,0,184747.5,0,3136.536802,6284.035223,5787.996167,5787.996167,0,5683.034955,5683.034955,69483.6098,8257.414413,0,5427.143276,4876.699062,0,1324.453381,130.1060266,3497.932714,0,1372.476142,0,0,0,0,0,0,0,0,0,0,0,0,0,0,0,0,0,0,0,-3497.932714,0,-3029.405694,0,0,0,-60.59651019,-2673.367327,0,0,0,-2530.313991,-2530.313991,-2479.707711,-5607.220496,-2479.707711,-2247.344121,0,0,-5052.625728,-2145.332317,0,0,0,0,0,0,0,0,0,-5683.034955,0,-2377.259133,0,0,0,0,0,0,0,-154.6583213,-181.9509662,0,0,0,-3497.932714,0,0,7.452102665,inf
43,15,hwfet,1529000,3185.416667,19112.5,1529000,3185.416667,55237195.02,103207.5,102978.15,2995084.229,102059.13,102978.15,95149.67,40249.46157,40249.46157,756.2419682,96063.89387,96063.89387,42318.16474,4304.075227,1941.853514,0,5271.074808,113576.3528,109272.2775,1889.440757,33.63973978,6986.27134,739.799157,772.2244243,20.53093128,6986.27134,6986.27134,7128.848306,4420.291531,7128.848306,7814.064013,229.35,0,5272.881107,8018.82294,0,0,0,0,15.89623822,100617.2788,0,103207.5,15.89623822,4773.970422,8016.864013,7292.980885,7292.980885,0,1261.708286,1274.382445,42392.03059,5846.52986,0,1233.717475,1128.071241,0,4304.075227,133.1325998,1941.853514,0,1889.440757,0,0,0,0,0,0,0,0,0,0,0,0,0,0,0,0,0,0,0,-1941.853514,0,-966.9995817,0,0,0,-33.63973978,-792.7553555,0,0,0,-772.2244243,-772.2244243,-756.7799358,-1222.975288,-756.7799358,-691.1434258,0,0,-1106.027186,-666.5523521,0,0,0,0,0,0,0,0,0,-1261.708286,0,-732.1374961,0,0,0,0,0,0,0,-188.6850305,-221.9823888,0,0,0,-1941.853514,0,0,10.25905374,inf
44,15,us06,1199000,2590.25,14987.5,1199000,2590.25,42968694.43,80932.5,80752.65,2706192.885,79324.6843,80752.65,74613.77,37350.53629,37344.87593,587.7391301,74649.86219,74649.86219,37056.45529,5000.308504,4523.279061,0,8019.523136,88727.25014,83711.69341,1475.151803,78.35911899,9262.695866,522.1108467,2682.01699,89.70619341,9262.695866,9246.946446,9435.659639,7700.976259,9343.326305,9977.948397,179.85,0,8352.162927,10116.68132,92.33333333,3.693333333,232.5905096,232.5905096,63.43431833,78282.79208,0,80932.5,63.43431833,8130.983306,10199.26558,9365.49239,9365.49239,0,3631.708117,3677.329774,39376.71271,11229.36875,0,3613.654473,3364.551216,621.2448785,5000.087285,191.7139642,4508.030838,0,1475.135977,0,0,0,0,0,0,0,0,0,0,0,0,0,0,0,0,0,0,0,-4508.030838,0,-3003.966409,0,0,0,-78.09496608,-2771.723183,0,0,0,-2682.01699,-2682.01699,-2628.37665,-3460.738,-2628.37665,-2453.527543,0,0,-3238.142073,-2412.410467,0,0,0,0,0,0,0,0,0,-3631.708117,0,-2587.20362,0,0,0,0,0,0,0,-116.1746987,-136.6761161,-58.75270752,0,0,-4508.030838,0,0,8.009512448,4177.788904
45,16,udds,2737000,26229.58333,157377.5,2737000,26229.58333,31390247.24,93058,73869.45222,4405122.839,91515.57799,92647.45,68425,31945.30551,31914.80399,1346.935323,67375.47406,67375.47406,54233.49464,1292.288085,4092.846585,0,4910.443049,117823.2785,116530.9904,1605.901186,60.59651019,6069.678376,1013.471787,3003.492668,167.996438,6069.678376,6069.678376,6193.549363,338.683271,6193.549363,7338.449091,410.55,0,466.821702,7646.302042,0,0,0,0,3.92E-12,91145.80909,0,93058,3.92E-12,625.4113073,7564.049091,6499.875726,6499.875726,0,21604.79951,20994.37266,34199.98868,20029.2833,0,20612.25806,18540.34997,0,1292.288085,153.661102,4092.846585,0,1605.901186,0,0,0,0,0,0,0,0,0,0,0,0,0,0,0,0,0,0,0,-4092.846585,0,-3618.154965,0,0,0,-60.59651019,-3171.489106,0,0,0,-3003.492668,-3003.492668,-2943.422814,-23004.96871,-2943.422814,-2505.711472,0,0,-21453.11742,-2403.014423,0,0,0,0,0,0,0,0,0,-21604.79951,0,-2839.199177,0,0,0,0,0,0,0,-28.43539672,-48.43884615,0,0,0,-4092.846585,0,0,7.452102665,inf
46,16,hwfet,1529000,14652.91667,87917.5,1529000,14652.91667,16687388.78,51986,41266.4934,3335608.92,51566.18293,51756.65,38225,21226.90666,21186.27228,758.9108184,37951.01587,37951.01587,35064.08387,4199.547686,2272.115897,0,5425.299496,134259.1768,130059.6291,2210.788996,33.63973978,7394.494868,739.799157,959.0174097,25.1407775,7394.494868,7394.494868,7545.402927,247.6108738,7545.402927,8637.67048,229.35,0,388.2394641,8840.383922,0,0,0,0,11.20224001,51113.59026,0,51986,11.20224001,584.0640323,8838.07048,7712.917078,7712.917078,0,7443.075548,7183.13404,22561.40593,6825.343878,0,6988.281767,5930.124286,0,4199.547686,147.5330468,2272.115897,0,2210.788996,0,0,0,0,0,0,0,0,0,0,0,0,0,0,0,0,0,0,0,-2272.115897,0,-1225.75181,0,0,0,-33.63973978,-984.1581872,0,0,0,-959.0174097,-959.0174097,-939.8370615,-8174.493256,-939.8370615,-811.7948698,0,0,-6985.930521,-785.158312,0,0,0,0,0,0,0,0,0,-7443.075548,0,-912.9314061,0,0,0,0,0,0,0,-34.49772768,-58.76584525,0,0,0,-2272.115897,0,0,10.25905374,inf
47,16,us06,1199000,18596.8289,68942.5,1199000,18596.8289,15089574,40766,32360.05598,549940.8367,39723.15687,40586.15,29975,16298.48329,15806.35946,588.0703044,29446.95061,29446.95061,33124.64639,4878.545614,5314.321962,0,8619.393859,104881.7714,99956.65174,1726.004367,78.68102511,10030.09577,522.1108467,3152.139743,226.1424312,10030.09577,9982.250276,10185.96967,1229.999084,3148.638555,3484.078827,179.85,0,592.5605872,3585.911624,7107.56223,61.80488896,18312.23896,18312.23896,1637.197704,34574.33936,0,40766,1637.197704,4796.309266,11160.45855,3130.58563,3130.58563,0,8036.793853,8372.835441,17019.24821,11861.86215,0,8258.085441,7542.922533,405.7810419,4878.017383,97.37670074,5267.7479,0,1725.95072,0,0,0,0,0,0,0,0,0,0,0,0,0,0,0,0,0,0,0,-5267.7479,0,-3694.274183,0,0,0,-77.99147432,-3378.282174,0,0,0,-3152.139743,-3152.139743,-3089.096948,-11960.64896,-3159.328064,-2879.796541,0,0,-18405.2572,-2801.779338,0,0,0,0,0,0,0,0,0,-8036.793853,0,-3046.868449,0,0,0,0,0,0,0,-65.1,-110.8958991,-1614.574082,0,0,-5267.7479,0,0,8.009186414,53.06147969
48,17,udds,0,0,0,0,0,267082029.4,218960,218617.875,3780708.175,213898.0764,218617.875,203222.25,76782.46314,76782.46314,1338.190129,200885.1574,200885.1574,70476.33681,1300.881264,3688.676902,0,4522.572085,135013.7049,133712.8236,1509.345934,60.59651019,5628.335782,1013.471787,2667.61568,150.4929042,5628.335782,5628.335782,5743.199777,5743.199777,5743.199777,6378.378161,342.125,0,6634.985077,6634.985077,0,0,0,0,0,211443.5687,0,218960,0,5614.862114,6567.378161,5999.538797,5999.538797,0,0,0,80976.16426,8295.951461,0,0,0,0,1300.881264,136.1743853,3688.676902,0,1509.345934,0,0,0,0,0,0,0,0,0,0,0,0,0,0,0,0,0,0,0,-3688.676902,0,-3221.690821,0,0,0,-60.59651019,-2818.108584,0,0,0,-2667.61568,-2667.61568,-2614.263366,-2614.263366,-2614.263366,-2358.398133,0,0,-2272.880049,-2272.880049,0,0,0,0,0,0,0,0,0,-2945.627069,0,-2528.477385,0,0,0,0,0,0,0,-342.125,-402.5,0,0,0,-3688.676902,0,0,7.452102665,inf
49,17,hwfet,0,0,0,0,0,148272443.5,122320,122128.875,3071323.754,120885.0506,122128.875,113528.25,46334.54279,46334.54279,755.815205,113399.9062,113399.9062,45295.26613,4227.472936,2047.743851,0,5279.678797,149522.3308,145294.8578,2077.864697,33.63973978,7153.6436,739.799157,826.4351645,21.8708029,7153.6436,7153.6436,7299.636327,7299.636327,7299.636327,8046.30559,191.125,0,8216.417294,8216.417294,0,0,0,0,18.30491868,118975.6967,0,122320,18.30491868,7308.246093,8214.55559,7428.793876,7428.793876,0,0,18.30491868,48808.3569,7980.078765,0,16.90848508,14.50686854,0,4227.472936,136.9148996,2047.743851,0,2077.864697,0,0,0,0,0,0,0,0,0,0,0,0,0,0,0,0,0,0,0,-2047.743851,0,-1052.205862,0,0,0,-33.63973978,-848.3059674,0,0,0,-826.4351645,-826.4351645,-809.9064612,-809.9064612,-809.9064612,-737.1867485,0,0,-716.173452,-716.173452,0,0,0,0,0,0,0,0,0,-905.2645734,0,-788.8306237,0,0,0,0,0,0,0,-189.7285664,-223.2100781,0,0,0,-2047.743851,0,0,10.25905374,inf
50,17,us06,0,0,0,0,0,115902409,95920,95770.125,2788641.632,93953.48893,95770.125,89025.75,42470.73507,42470.73507,587.4149262,88138.70941,88138.70941,40631.3547,4911.329264,4768.92446,0,8157.877834,116821.6936,111895.3379,1622.262072,78.34250257,9509.439414,522.1108467,2865.341416,95.23340075,9509.439414,9493.946473,9687.700483,9687.700483,9687.700483,10376.0856,149.875,0,10491.32645,10491.32645,0,0,0,0,69.4646134,92643.41479,0,95920,69.4646134,9866.984812,10479.5856,9747.648301,9747.648301,0,0,69.4646134,44764.64457,12359.28789,0,68.4646134,63.24359593,0,4911.125812,199.9711812,4753.898048,0,1622.245845,0,0,0,0,0,0,0,0,0,0,0,0,0,0,0,0,0,0,0,-4753.898048,0,-3231.522158,0,0,0,-78.09565304,-2960.574817,0,0,0,-2865.341416,-2865.341416,-2808.034588,-2808.034588,-2808.034588,-2612.971206,0,0,-2578.337056,-2578.337056,0,0,0,0,0,0,0,0,0,-3072.748756,0,-2773.376764,0,0,0,0,0,0,0,-148.875,-175.1470588,0,0,0,-4753.898048,0,0,8.009524068,inf
51,18,udds,0,0,0,0,0,93673144.47,157377.5,154508.0645,3223726.09,154058.6049,157035.375,143692.5,54823.453,54823.453,1341.305484,140921.2304,140921.2304,51545.36617,1226.396529,3013.434793,0,3813.191122,108880.438,107654.0414,1182.374762,60.59651019,4702.719275,1013.471787,2170.673326,123.2746579,4702.719275,4702.719275,4798.693138,4798.693138,4798.693138,5292.989691,342.125,0,5550.581312,5550.581312,0,0,0,0,8.39E-12,152415.7124,0,157377.5,8.39E-12,4759.819233,5482.489691,5055.837302,5055.837302,0,0,8.39E-12,57808.29266,6873.392601,0,0,0,0,1226.396529,113.0945253,3013.434793,0,1182.374762,0,0,0,0,0,0,0,0,0,0,0,0,0,0,0,0,0,0,0,-3013.434793,0,-2586.794593,0,0,0,-60.59651019,-2293.947984,0,0,0,-2170.673326,-2170.673326,-2127.25986,-2127.25986,-2127.25986,-1931.429101,0,0,-1846.895722,-1846.895722,0,0,0,0,0,0,0,0,0,-2383.015206,0,-2042.279024,0,0,0,0,0,0,0,-342.125,-402.5,0,0,0,-3013.434793,0,0,7.452102665,inf
52,18,hwfet,0,0,0,0,0,51479780.99,87917.5,86314.51613,2677053.359,86943.09057,87726.375,80272.5,33803.9145,33803.9145,756.3753571,79435.19313,79435.19313,33082.06703,3985.419943,1672.887794,0,4791.647473,120772.0464,116786.6264,1627.734717,33.63973978,6280.894602,739.799157,650.3452785,17.39466294,6280.894602,6280.894602,6409.076124,6409.076124,6409.076124,7002.847671,191.125,0,7173.989837,7173.989837,0,0,0,0,14.10740479,85736.94519,0,87917.5,14.10740479,6494.346636,7172.347671,6545.541921,6545.541921,0,0,14.10740479,35600.6925,6931.239881,0,12.8307107,11.08364818,0,3985.419943,118.6021988,1672.887794,0,1627.734717,0,0,0,0,0,0,0,0,0,0,0,0,0,0,0,0,0,0,0,-1672.887794,0,-806.2275303,0,0,0,-33.63973978,-667.7399414,0,0,0,-650.3452785,-650.3452785,-637.3383729,-637.3383729,-637.3383729,-582.9603585,0,0,-562.9775244,-562.9775244,0,0,0,0,0,0,0,0,0,-708.7674262,0,-617.3144506,0,0,0,0,0,0,0,-189.8483059,-223.3509481,0,0,0,-1672.887794,0,0,10.25905374,inf
53,18,us06,0,0,0,0,0,40023174.3,68942.5,67685.48387,2455831.435,67576.77495,68792.625,62947.5,31628.53456,31621.88565,587.7860393,61723.6804,61723.6804,30565.07265,4630.026848,3901.697321,0,7182.013632,94357.76305,89709.49429,1270.823357,78.45838973,8269.046592,522.1108467,2272.987612,76.60004358,8269.046592,8250.13657,8418.506704,8418.506704,8418.506704,8975.585594,149.875,0,9091.509746,9091.509746,0,0,0,0,54.7620156,66700.45565,0,68942.5,54.7620156,8564.413071,9079.585594,8486.703514,8486.703514,0,0,54.7620156,33352.05709,10523.12418,0,53.7620156,49.9010448,0,4629.744673,170.4684502,3883.455412,0,1270.804242,0,0,0,0,0,0,0,0,0,0,0,0,0,0,0,0,0,0,0,-3883.455412,0,-2533.744875,0,0,0,-78.09156712,-2349.587655,0,0,0,-2272.987612,-2272.987612,-2227.527859,-2227.527859,-2227.527859,-2081.601387,0,0,-2047.650538,-2047.650538,0,0,0,0,0,0,0,0,0,-2428.428997,0,-2193.526037,0,0,0,0,0,0,0,-148.875,-175.1470588,0,0,0,-3883.455412,0,0,8.009443352,inf
54,19,udds,0,0,0,0,0,101267516,117691,117348.875,3648114.329,115580.5069,117348.875,108385.2,44345.71796,44345.71796,1344.384461,107571.2776,107571.2776,41961.01725,1368.325899,3384.661195,0,4276.15647,96317.49699,94949.17109,1517.75091,60.59651019,5406.071729,1013.471787,2383.658066,136.3368535,5406.071729,5406.071729,5516.399724,5516.399724,5516.399724,5998.198246,342.125,0,6257.500125,6257.500125,0,0,0,0,9.59E-12,114624.3793,0,117691,9.59E-12,5543.989772,6189.198246,5775.134472,5775.134472,0,0,9.59E-12,46747.69134,7789.729795,0,0,0,0,1368.325899,127.2782097,3384.661195,0,1517.75091,0,0,0,0,0,0,0,0,0,0,0,0,0,0,0,0,0,0,0,-3384.661195,0,-2907.830571,0,0,0,-60.59651019,-2519.99492,0,0,0,-2383.658066,-2383.658066,-2335.984905,-2335.984905,-2335.984905,-2150.384651,0,0,-2067.56153,-2067.56153,0,0,0,0,0,0,0,0,0,-2582.737388,0,-2252.594653,0,0,0,0,0,0,0,-342.125,-402.5,0,0,0,-3384.661195,0,0,7.452102665,inf
55,19,hwfet,0,0,0,0,0,55595404.53,65747,65555.875,3044961.426,65120.82578,65555.875,60548.4,28491.85377,28491.85377,757.4540722,60604.74955,60604.74955,27892.66603,4446.647719,1878.971602,0,5354.966506,109898.4759,105451.8281,2089.43554,33.63973978,7263.102184,739.799157,708.0187181,19.00020724,7263.102184,7263.102184,7411.328759,7411.328759,7411.328759,7982.228675,191.125,0,8153.992629,8153.992629,0,0,0,0,17.57663073,64399.2162,0,65747,17.57663073,7532.559227,8151.978675,7545.797082,7545.797082,0,0,17.57663073,30002.67792,7971.120902,0,16.23410771,14.23563727,0,4446.647719,134.5610431,1878.971602,0,2089.43554,0,0,0,0,0,0,0,0,0,0,0,0,0,0,0,0,0,0,0,-1878.971602,0,-908.3187876,0,0,0,-33.63973978,-727.0189254,0,0,0,-708.0187181,-708.0187181,-693.8583438,-693.8583438,-693.8583438,-643.1792647,0,0,-623.8182189,-623.8182189,0,0,0,0,0,0,0,0,0,-762.3444194,0,-674.4335841,0,0,0,0,0,0,0,-189.782477,-223.2735023,0,0,0,-1878.971602,0,0,10.25905374,inf
56,19,us06,0,0,0,0,0,43211364.79,51557,51407.125,2784715.271,50583.72498,51407.125,47480.4,28033.60892,27869.64764,588.3168912,47067.3471,47067.3471,27020.7058,5165.178871,4425.319868,0,8087.734188,85845.46946,80607.08848,1631.19972,79.22770553,9468.411287,522.1108467,2512.656377,84.86365135,9468.411287,9392.848226,9584.539006,9584.539006,9584.539006,10162.71087,149.875,0,10279.14391,10279.14391,0,0,0,0,63.97715651,50005.26678,0,51557,63.97715651,9781.889704,10266.96087,9604.196621,9604.196621,0,0,63.97715651,29487.19286,11905.5046,0,62.72715651,58.90306626,0,5164.240912,192.281243,4352.117758,0,1631.087286,0,0,0,0,0,0,0,0,0,0,0,0,0,0,0,0,0,0,0,-4352.117758,0,-2849.353206,0,0,0,-77.91714824,-2597.520028,0,0,0,-2512.656377,-2512.656377,-2462.403249,-2462.403249,-2462.403249,-2318.429439,0,0,-2284.987479,-2284.987479,0,0,0,0,0,0,0,0,0,-2666.346734,0,-2428.883297,0,0,0,0,0,0,0,-148.625,-174.8529412,0,0,0,-4352.117758,0,0,8.008580217,inf
57,20,udds,0,0,0,0,0,127444134.1,117691,117348.875,3673814.008,115584.0989,117348.875,108385.2,44443.90014,44443.90014,1344.429361,107574.2094,107574.2094,42146.08165,1368.325899,3433.20575,0,4323.003331,97698.93217,96330.60627,1539.519276,60.59651019,5466.791953,1013.471787,2420.620069,138.3267084,5466.791953,5466.791953,5578.359135,5578.359135,5578.359135,6062.663944,342.125,0,6321.719578,6321.719578,0,0,0,0,0,114634.2955,0,117691,0,5602.057043,6253.413944,5836.895181,5836.895181,0,0,0,46851.17757,7887.412021,0,0,0,0,1368.325899,128.78518,3433.20575,0,1539.519276,0,0,0,0,0,0,0,0,0,0,0,0,0,0,0,0,0,0,0,-3433.20575,0,-2954.677432,0,0,0,-60.59651019,-2558.946777,0,0,0,-2420.620069,-2420.620069,-2372.207667,-2372.207667,-2372.207667,-2185.131385,0,0,-2102.062018,-2102.062018,0,0,0,0,0,0,0,0,0,-2621.714207,0,-2288.618714,0,0,0,0,0,0,0,-342.125,-402.5,0,0,0,-3433.20575,0,0,7.452102665,inf
58,20,hwfet,0,0,0,0,0,70215849.75,65747,65555.875,3062290.358,65123.94088,65555.875,60548.4,28550.26983,28550.26983,757.4925449,60606.94149,60606.94149,27952.22308,4446.647719,1905.920781,0,5374.021827,111474.6964,107028.0487,2119.403301,33.63973978,7307.154236,739.799157,721.7585053,19.34471132,7307.154236,7307.154236,7456.279833,7456.279833,7456.279833,8028.895085,191.125,0,8200.483714,8200.483714,0,0,0,0,17.95101326,64405.03275,0,65747,17.95101326,7575.710684,8198.645085,7590.208977,7590.208977,0,0,17.95101326,30064.60045,8028.912742,0,16.59988192,14.59234159,0,4446.647719,135.4640704,1905.920781,0,2119.403301,0,0,0,0,0,0,0,0,0,0,0,0,0,0,0,0,0,0,0,-1905.920781,0,-927.374108,0,0,0,-33.63973978,-741.1032166,0,0,0,-721.7585053,-721.7585053,-707.3233352,-707.3233352,-707.3233352,-655.8969157,0,0,-636.3605444,-636.3605444,0,0,0,0,0,0,0,0,0,-776.7736955,0,-687.7319181,0,0,0,0,0,0,0,-189.7738687,-223.2633749,0,0,0,-1905.920781,0,0,10.25905374,inf
59,20,us06,0,0,0,0,0,54675031.67,51557,51407.125,2799630.494,50585.44526,51407.125,47480.4,28148.29238,27971.87743,588.3246764,47068.00757,47068.00757,27140.93819,5165.122651,4492.22015,0,8145.393848,87076.01599,81832.12084,1654.587553,79.28824658,9543.532016,522.1108467,2557.408882,86.25008236,9543.532016,9462.257708,9655.365008,9655.365008,9655.365008,10237.47732,149.875,0,10353.77501,10353.77501,0,0,0,0,65.63449294,50007.84902,0,51557,65.63449294,9855.520617,10341.72732,9673.956642,9673.956642,0,0,65.63449294,29599.08732,12019.66659,0,64.38449294,60.41932686,0,5164.132912,194.0554014,4413.447647,0,1654.465832,0,0,0,0,0,0,0,0,0,0,0,0,0,0,0,0,0,0,0,-4413.447647,0,-2901.498694,0,0,0,-77.89790206,-2643.658965,0,0,0,-2557.408882,-2557.408882,-2506.260705,-2506.260705,-2506.260705,-2360.171784,0,0,-2326.594473,-2326.594473,0,0,0,0,0,0,0,0,0,-2713.721984,0,-2472.581516,0,0,0,0,0,0,0,-148.625,-174.8529412,0,0,0,-4413.447647,0,0,8.008505921,inf
60,21,udds,0,0,0,0,0,66013719.75,71162,70819.875,3976362.425,69991.93441,70819.875,65044.805,29389.86316,29388.72002,1346.3456,65999.24716,65999.24716,28800.94562,1372.38598,3022.000443,0,3931.037688,85997.23923,84624.85325,1185.735647,60.59651019,4831.64616,1013.471787,2150.454395,123.0701384,4831.64616,4831.64616,4930.251183,4930.251183,4930.251183,6092.915734,342.125,0,6353.516846,6353.516846,0,0,0,0,0,69752.86209,0,71162,0,5741.50228,6283.415734,5188.588655,5188.588655,0,0,0,31534.12367,6982.100555,0,0,0,0,1372.38598,122.0191009,3022.000443,0,1185.735647,0,0,0,0,0,0,0,0,0,0,0,0,0,0,0,0,0,0,0,-3022.000443,0,-2558.651709,0,0,0,-60.59651019,-2273.524533,0,0,0,-2150.454395,-2150.454395,-2107.445307,-2107.445307,-2107.445307,-1703.637531,0,0,-1622.113643,-1622.113643,0,0,0,0,0,0,0,0,0,-2606.089341,0,-2023.657778,0,0,0,0,0,0,0,-342.125,-593.4328023,0,0,0,-3022.000443,0,0,7.452102665,inf
61,21,hwfet,0,0,0,0,0,36036837.54,39754,39562.875,3088495.402,39435.60997,39562.875,36336.685,19969.14988,19967.12774,758.5328565,37176.39814,37176.39814,19567.78519,4459.841759,1677.642956,0,5228.479083,98123.03907,93663.19731,1632.361532,33.63973978,6733.230452,739.799157,624.1563568,16.87080384,6733.230452,6733.230452,6870.643318,6870.643318,6870.643318,8005.975958,191.125,0,8178.466795,8178.466795,0,0,0,0,4.851727884,39138.4526,0,39754,4.851727884,7663.450632,8176.475958,7013.465621,7013.465621,0,0,4.851727884,21256.88669,7357.386809,0,3.823514866,2.204327126,0,4459.841759,132.9420803,1677.642956,0,1632.361532,0,0,0,0,0,0,0,0,0,0,0,0,0,0,0,0,0,0,0,-1677.642956,0,-768.6373246,0,0,0,-33.63973978,-641.0271607,0,0,0,-624.1563568,-624.1563568,-611.6732297,-611.6732297,-611.6732297,-510.4874253,0,0,-491.8532627,-491.8532627,0,0,0,0,0,0,0,0,0,-736.2400751,0,-592.9346249,0,0,0,0,0,0,0,-190.096787,-329.7323171,0,0,0,-1677.642956,0,0,10.25905374,inf
62,21,us06,0,0,0,0,0,27984640.6,31174,31024.125,2704864.404,30608.7853,31024.125,28494.235,20818.59015,19956.03578,588.7609244,28858.12262,28858.12262,19556.82618,5174.171683,4294.311082,0,8100.950459,76584.08322,70917.21504,1273.755079,86.10861256,9214.82946,522.1108441,2188.153397,76.17335363,9214.82946,8704.71916,8882.366489,8882.366489,8882.366489,9642.241192,149.875,0,9760.332001,9760.332001,0,0,0,0,56.19347403,30331.10629,0,31174,56.19347403,9343.858645,9747.741192,8917.493716,8917.493716,0,0,56.19347403,21378.18488,10892.87256,0,54.94347403,48.43562206,0,5167.337075,178.7434206,3803.906637,0,1273.055333,0,0,0,0,0,0,0,0,0,0,0,0,0,0,0,0,0,0,0,-3801.614581,0,-2434.082275,0,0,0,-76.22916709,-2264.326751,0,0,0,-2188.153397,-2188.153397,-2144.390329,-2144.390329,-2144.390329,-1947.844319,0,0,-1916.060129,-1916.060129,0,0,0,0,0,0,0,0,0,-2400.397581,0,-2112.329305,0,0,0,0,0,0,0,-148.625,-257.7974431,0,0,0,-3803.906637,0,0,8.000888788,inf
63,22,udds,0,0,0,0,0,304709455.5,410550,410207.875,4757072.311,398635.6961,410207.875,378321.825,140649.8424,140649.8424,1329.935234,379368.5631,379368.5631,121840.8137,1339.589991,4763.909525,0,5599.901455,186951.225,185611.635,2136.23391,60.59651019,7117.528156,1013.471787,3448.529145,193.1751097,7117.528156,7117.528156,7262.783833,7262.783833,7262.783833,8198.854204,342.125,0,8454.339997,8454.339997,0,0,0,0,0.43191664,393214.9522,0,410550,0.43191664,6810.86916,8387.604204,7503.630745,7503.630745,0,0,0.43191664,148398.346,10566.0573,0,0.18191664,0.154629144,0,1339.589991,173.7595465,4763.909525,0,2136.23391,0,0,0,0,0,0,0,0,0,0,0,0,0,0,0,0,0,0,0,-4763.909525,0,-4260.311464,0,0,0,-60.59651019,-3641.704255,0,0,0,-3448.529145,-3448.529145,-3379.558562,-3379.558562,-3379.558562,-2998.985945,0,0,-2912.346738,-2912.346738,0,0,0,0,0,0,0,0,0,-3867.596788,0,-3292.62687,0,0,0,0,0,0,0,-341.875,-402.2058824,0,0,0,-4763.909525,0,0,7.452102665,inf
64,22,hwfet,0,0,0,0,0,169208691.6,229350,229158.875,3703326.739,226070.5131,229158.875,211346.025,82336.1213,82336.1213,753.928857,214970.6007,214970.6007,80223.32525,4353.264658,2644.651916,0,5850.416641,205263.3221,200910.0575,2940.879839,33.63973978,8441.018105,739.799157,1117.691346,29.18226242,8441.018105,8441.018105,8613.283781,8613.283781,8613.283781,9695.544461,191.125,0,9863.896685,9863.896685,0,0,0,0,23.51022085,221224.7073,0,229350,23.51022085,8442.885124,9862.294461,8729.075856,8729.075856,0,0,23.51022085,86801.10819,9558.709452,0,22.01022085,18.70868773,0,4353.264658,165.8563492,2644.651916,0,2940.879839,0,0,0,0,0,0,0,0,0,0,0,0,0,0,0,0,0,0,0,-2644.651916,0,-1497.151983,0,0,0,-33.63973978,-1146.873609,0,0,0,-1117.691346,-1117.691346,-1095.337519,-1095.337519,-1095.337519,-981.0334043,0,0,-958.2606284,-958.2606284,0,0,0,0,0,0,0,0,0,-1243.193168,0,-1072.516606,0,0,0,0,0,0,0,-189.625,-223.0882353,0,0,0,-2644.651916,0,0,10.25905374,inf
65,22,us06,0,0,0,0,0,132306652.9,179850,179700.125,3298044.754,175484.6901,179700.125,165731.775,72302.56586,72302.56586,585.7129147,167128.663,167128.663,67268.68384,5057.68161,6155.992876,0,9518.562199,160379.9413,155322.2597,2296.071322,78.30368798,11337.68329,522.1108467,3858.164564,125.7657981,11337.68329,11337.68329,11569.06459,11569.06459,11569.06459,12548.54385,149.875,0,12662.49935,12662.49935,0,0,0,0,90.96338465,171903.9946,0,179850,90.96338465,11617.68884,12650.79385,11613.54937,11613.54937,0,0,90.96338465,76179.44879,15195.84786,0,89.96338465,81.84095154,0,5057.68161,246.3037864,6155.992876,0,2296.071322,0,0,0,0,0,0,0,0,0,0,0,0,0,0,0,0,0,0,0,-6155.992876,0,-4460.880589,0,0,0,-78.30368798,-3983.930362,0,0,0,-3858.164564,-3858.164564,-3781.001273,-3781.001273,-3781.001273,-3475.26211,0,0,-3439.342614,-3439.342614,0,0,0,0,0,0,0,0,0,-4183.928164,0,-3745.051866,0,0,0,0,0,0,0,-148.875,-175.1470588,0,0,0,-6155.992876,0,0,8.009684306,inf
66,23,udds,1368500,31562.15089,183379,1368500,31562.15089,1637919.454,32844,64022.97089,212260.9221,32834.72182,64022.97089,59833.68,56075.8125,53633.87292,247.8947897,35155.18632,35155.18632,49654.81412,1688.173507,4568.778092,0,5656.772923,113973.5232,112285.3497,1741.423056,68.5096901,6933.906873,1013.471787,3210.588911,293.7213994,6933.906873,6933.906873,7075.415177,7075.415177,7084.685371,7768.34706,383.18,0,154.0208338,2689.981767,5365.430887,40.04052901,11180.84401,11180.84401,2681.102547,19441.59243,0,32844,2681.102547,166.7147448,7970.600295,77.28292903,77.28292903,0,0,2681.102547,56772.29411,33287.899,0,2591.853368,2343.084716,0,1688.173507,83.19531239,4568.778092,0,1741.423056,0,0,0,0,0,0,0,0,0,0,0,0,0,0,0,0,0,0,0,-4568.778092,0,-3968.599416,0,0,0,-68.5096901,-3504.31031,0,0,0,-3210.588911,-3210.588911,-3146.377132,-3146.377132,-3146.377132,-2869.291485,0,0,-26433.93615,-2773.17708,0,0,0,0,0,0,0,0,0,-35360.05314,0,0,0,0,0,0,0,0,0,-293.9308208,-345.8009656,-598.0801541,0,0,-4568.778092,0,0,7.452102665,80.85491645
67,23,hwfet,764500,23994.66977,102443,764500,23994.66977,597036.4357,18348,42128.60977,446384.0918,18348,42128.60977,39493.82,35586.1927,35026.47735,138.5228358,19644.53961,19644.53961,34263.76914,5486.056266,2536.32603,0,6762.785918,131970.8953,126484.839,2397.357299,38.03268769,8930.614379,739.799157,880.174372,167.0264415,8930.614379,8930.614379,9112.871815,9112.871815,9112.871815,9911.575013,214.06,0,0,742.0936812,9360.235485,69.85250362,16910.57201,16910.57201,741.0395284,13793.74597,0,18348,741.0395284,65.25705502,10100.29501,1.526130616,1.526130616,0,0,741.0395284,36986.32211,12585.36279,0,706.8795284,627.7911728,0,5486.056266,22.95135097,2536.32603,0,2397.357299,0,0,0,0,0,0,0,0,0,0,0,0,0,0,0,0,0,0,0,-2536.32603,0,-1276.729651,0,0,0,-38.03268769,-1047.200813,0,0,0,-880.174372,-880.174372,-862.5708846,-862.5708846,-862.5708846,-788.3508793,0,0,-14657.38564,-765.0450322,0,0,0,0,0,0,0,0,0,-13505.14353,0,0,0,0,0,0,0,0,0,-179.9,-211.6470588,-4.02,0,0,-2536.32603,0,0,10.25905374,73.59722409
68,23,us06,599500,22468.51336,80333,599500,22468.51336,310337.9202,14388,36688.65336,512765.6354,14388,36688.65336,34417.9,34610.8149,31915.0601,108.6258209,15404.71092,15404.71092,30724.42525,6371.461709,6044.975522,0,10489.35023,103070.1824,96511.16161,1871.47416,90.64554928,12059.59862,522.1108467,2403.758387,1222.532847,12059.59862,11866.79358,12108.97304,12108.97304,12171.88168,12944.62235,167.86,0,943.2063269,2081.303887,10992.6505,82.03470524,18991.03939,18991.03939,1631.349702,11800.48886,0,14388,1631.349702,3462.545228,12994.80063,13.88607835,13.88607835,0,0,1631.349702,33688.60257,13300.23784,0,1607.549702,1490.031877,0,6369.273937,64.3702233,5857.416486,0,1871.22841,0,0,0,0,0,0,0,0,0,0,0,0,0,0,0,0,0,0,0,-5857.416486,0,-3930.32948,0,0,0,-87.83306611,-3626.291234,0,0,0,-2403.758387,-2403.758387,-2355.683219,-2355.683219,-2355.683219,-2184.202066,0,0,-12483.43941,-2145.67411,0,0,0,0,0,0,0,0,0,-10602.54535,0,0,0,0,0,0,0,0,0,-144.06,-169.4823529,-100.1365916,0,0,-5857.416486,0,0,8.007581028,51.15254227
69,24,udds,1368500,35916.44509,156009,1368500,35916.44509,2925875.407,45160.5,80666.39509,185044.4282,43916.55965,80666.39509,75686.27,60675.85709,60070.99493,392.2753066,46514.16507,46514.16507,55422.71245,1317.831114,4049.061933,0,4885.836115,116436.3955,115118.5644,1724.897627,61.32438967,6134.927397,1013.471787,2927.442613,164.756044,6134.927397,6134.927397,6260.129997,6260.129997,6260.129997,6854.25849,410.55,0,68.01753984,2447.13536,4714.94509,41.35916745,9842.68947,9842.68947,2438.263401,23001.00962,0,45160.5,2438.263401,169.7736602,7081.05849,3470.683724,3470.683724,0,0,2438.263401,63329.88122,28331.47483,0,2342.563401,2124.974781,45.90971784,1317.831114,75.68459875,4049.061933,0,1724.897627,0,0,0,0,0,0,0,0,0,0,0,0,0,0,0,0,0,0,0,-4049.061933,0,-3568.005001,0,0,0,-61.32438967,-3092.198656,0,0,0,-2927.442613,-2927.442613,-2868.89376,-2868.89376,-2868.89376,-2625.547999,0,0,-31345.20214,-2522.819958,0,0,0,0,0,0,0,0,0,-30058.15483,0,-2429.174992,0,0,0,0,0,0,0,-314.85,-370.4117647,-1790.017832,0,0,-4049.061933,0,0,7.452102665,91.84609143
70,24,hwfet,764500,25316.2108,87153,764500,25316.2108,1356456.099,25228.5,50315.3608,390030.5084,25228.5,50315.3608,47337.96,37424.08696,37213.56087,225.290708,26710.95818,26710.95818,36392.53171,4282.554851,2247.809145,0,5479.359845,132695.3239,128412.769,2374.607308,34.04381712,7603.251054,739.799157,887.2457679,58.84312742,7603.251054,7603.251054,7758.419443,7758.419443,7758.419443,8433.244516,229.35,0,0,750.8432942,7885.910804,69.17465617,14274.07858,14274.07858,749.6837117,17743.32549,0,25228.5,749.6837117,70.17130475,8634.544516,227.7055025,227.7055025,0,0,749.6837117,39188.65398,10868.66123,0,708.8166478,630.7452462,0,4282.554851,23.22195755,2247.809145,0,2374.607308,0,0,0,0,0,0,0,0,0,0,0,0,0,0,0,0,0,0,0,-2247.809145,0,-1196.804994,0,0,0,-34.04381712,-946.0888954,0,0,0,-887.2457679,-887.2457679,-869.5008526,-869.5008526,-869.5008526,-799.9056692,0,0,-17453.52196,-774.0652518,0,0,0,0,0,0,0,0,0,-11636.3428,0,-186.4912445,0,0,0,0,0,0,0,-188.4829362,-221.7446308,-4.835445242,0,0,-2247.809145,0,0,10.25905374,87.18991805
71,24,us06,599500,22391.10712,68343,599500,22391.10712,970482.9706,19783.5,41968.66,401946.9521,19783.5,41994.75712,39366.94,35628.10087,33573.55121,176.6668142,20946.00318,20946.00318,32206.02877,4974.261894,5321.705927,0,8708.132103,103646.8673,98548.49725,1853.76281,80.59900624,10229.94971,522.1108467,2758.000039,517.9371519,10229.94971,10102.60493,10308.78054,10308.78054,10344.09416,10997.22893,179.85,0,698.0339467,2412.42588,8722.807115,76.51585189,15087.01643,15087.01643,2350.440932,15200.26598,0,19783.5,2350.440932,3061.693015,11083.93599,1286.418989,1142.217612,0,0,2350.440932,35405.37178,12268.35164,0,2319.240932,2172.733216,467.4564459,4973.100133,74.61110968,5197.597774,0,1853.567606,0,0,0,0,0,0,0,0,0,0,0,0,0,0,0,0,0,0,0,-5197.597774,0,-3609.762056,0,0,0,-78.71934698,-3275.937191,0,0,0,-2758.000039,-2758.000039,-2702.840039,-2702.840039,-2702.840039,-2528.882929,0,0,-14440.94506,-2487.036989,0,0,0,0,0,0,0,0,0,-9888.24754,0,-1146.527379,0,0,0,0,0,0,0,-148.65,-174.8823529,-562.2243644,0,0,-5197.597774,0,0,8.007997626,64.39156587
72,25,udds,6842500,122032.5612,290122,6842500,119382.5103,0,0,0,0,0,0,0,0,0,0,0,0,89842.88378,12460.18879,49700.21334,0,58092.53612,903700.1242,872743.249,16254.72336,41.97480532,69705.71003,1013.379835,0,22478.48991,69705.71003,51003.31035,60003.89453,0,0,0,13685,0,0,0,73688.89453,347.5891252,200328.2696,200328.2696,0,0,0,0,0,0,0,0,0,0,0,0,0,56602.224,0,0,0,0,12330.02656,0,31424.25357,0,16194.79388,0,0,0,0,0,0,0,-13685,0,0,-13685,0,0,0,0,0,0,0,0,-31203.52693,0,-27135.66093,0,0,0,-26.3532464,-22478.48991,0,0,0,0,0,0,0,0,0,0,0,-105697.5103,0,0,0,0,0,0,0,0,0,0,0,0,0,0,0,0,0,0,0,0,-13685,0,0,0,0,-31424.25357,0,0,7.397354255,4.479475488
73,25,hwfet,3822500,116362.955,162074,3822500,112585.5116,0,0,0,0,0,0,0,0,0,0,0,0,89199.43488,40819.74445,33604.53212,0,65681.6831,1032631.316,975487.8576,22423.97966,28.38103901,85992.53109,739.7979168,0,6411.306708,85992.53109,69458.27844,81715.62169,0,0,0,7645,0,0,0,89360.62169,421.5123665,241848.6069,241848.6069,0,0,0,0,0,0,0,0,0,0,0,0,0,45987.54618,0,0,0,0,40658.83453,0,17617.40309,0,22388.1372,0,0,0,0,0,0,0,-7645,0,0,-7645,0,0,0,0,0,0,0,0,-17280.8182,0,-8538.224737,0,0,0,-14.59468544,-6411.306708,0,0,0,0,0,0,0,0,0,0,0,-104940.5116,0,0,0,0,0,0,0,0,0,0,0,0,0,0,0,0,0,0,0,0,-7645,0,0,0,0,-17617.40309,0,0,10.22630996,5.129500958
74,25,us06,2997500,110600.8633,127094,2997500,97982.70737,0,0,0,0,0,0,0,0,0,0,0,0,78189.55127,42459.34608,410661.2748,0,450072.6603,746914.1151,420995.8673,16751.45279,346.8280296,465583.4157,522.0210807,0,16735.52744,465583.4157,70918.50045,83433.52994,0,0,0,5995,0,0,0,89428.52994,421.8326884,260331.8151,260331.8151,0,0,0,0,0,0,0,0,0,0,0,0,0,57819.27551,0,0,0,0,38215.41614,0,22540.96703,0,15967.55687,0,0,0,0,0,0,0,-5995,0,0,-5995,0,0,0,0,0,0,0,0,-21352.97964,0,-18305.01901,0,-105849.3935,0,-18.03386954,-16735.52744,0,0,0,0,0,0,0,0,0,0,0,-91987.70737,0,0,0,0,0,0,0,0,0,0,0,0,0,0,0,0,0,0,0,0,-5995,0,0,0,0,-22540.96703,0,0,7.29355839,3.398711405
75,26,udds,6842500,159876.5685,439288.5,6842500,157689.96,0,0,0,0,0,0,0,0,0,0,0,0,115203.968,7985.907165,59087.06432,0,64008.57754,1261293.955,1238029.113,14786.99068,117.5229507,73779.72513,1013.412343,0,35697.50297,73779.72513,58389.45484,72986.81854,0,0,0,13685,0,0,0,86671.81854,270.0056652,236832.5084,236832.5084,0,0,0,0,0,0,0,0,0,0,0,0,0,78638.94789,0,0,0,0,7938.865351,0,43887.7326,0,14753.08651,0,0,0,0,0,0,0,-13685,0,0,-13685,0,0,0,0,0,0,0,0,-43808.1295,0,-40743.73555,0,0,0,-87.13346484,-35697.50297,0,0,0,0,0,0,0,0,0,0,0,-144004.96,0,0,0,0,0,0,0,0,0,0,0,0,0,0,0,0,0,0,0,0,-13685,0,0,0,0,-43887.7326,0,0,7.418007917,3.799614446
76,26,hwfet,3822500,122327.6026,245404.5,3822500,121135.8406,0,0,0,0,0,0,0,0,0,0,0,0,90792.67246,26101.15815,31527.12417,0,49449.60152,1440957.583,1407746.593,20391.97044,62.70679887,66197.07698,739.7983102,0,12579.97474,66197.07698,59033.48204,73791.85255,0,0,0,7645,0,0,0,81436.85255,253.69736,211325.954,211325.954,0,0,0,0,0,0,0,0,0,0,0,0,0,37467.36039,0,0,0,0,26072.98323,0,24488.09288,0,20380.52407,0,0,0,0,0,0,0,-7645,0,0,-7645,0,0,0,0,0,0,0,0,-24417.29182,0,-16238.61102,0,0,0,-48.56548916,-12579.97474,0,0,0,0,0,0,0,0,0,0,0,-113490.8406,0,0,0,0,0,0,0,0,0,0,0,0,0,0,0,0,0,0,0,0,-7645,0,0,0,0,-24488.09288,0,0,10.24754304,5.882416571
77,26,us06,2997500,130793.6042,192439.5,2997500,120680.5392,0,0,0,0,0,0,0,0,0,0,0,0,91748.43138,28908.11991,309768.4929,0,332682.3355,1075622.805,860284.2412,15507.96067,616.1231349,346026.1933,522.027738,0,31326.44474,346026.1933,74188.28337,92735.35422,0,0,0,5995,0,0,0,98730.35422,307.5711969,280108.786,280108.786,0,0,0,0,0,0,0,0,0,0,0,0,0,60540.1976,0,0,0,0,27775.74196,0,41666.27619,0,15086.09667,0,0,0,0,0,0,0,-5995,0,0,-5995,0,0,0,0,0,0,0,0,-40021.34642,0,-34027.06916,0,-83316.70225,0,-79.60163151,-31326.44474,0,0,0,0,0,0,0,0,0,0,0,-114685.5392,0,0,0,0,0,0,0,0,0,0,0,0,0,0,0,0,0,0,0,0,-5995,0,0,0,0,-41666.27619,0,0,7.585448946,3.285141744
